# word	role	pos	gloss	definition
# Pointed language depth — POS + short meaning (not word salad)
learn	verb	verb	study	gain knowledge
city	what	noun	place	large town
child	who	noun	person	young human
listen	verb	verb	hear	pay attention to sound
speak	verb	verb	talk	use words aloud
slowly	how	adverb	slow	not fast
friend	who	noun	person	person you like
house	what	noun	home	place where people live
remember	verb	verb	recall	bring back to mind
beautiful	adj	adjective	pretty	pleasing to see
book	what	noun	pages	pages bound to read
think	verb	verb	reason	use the mind
water	what	noun	liquid	clear liquid we drink
quickly	how	adverb	fast	with speed
happy	adj	adjective	glad	feeling pleasure
teacher	who	noun	person	a person who teaches
dog	what	noun	animal	a domestic animal
aah	verb	verb	express	express admiration and pleasure by uttering `ooh' or `aah'
aby	verb	verb	make-amends	make amends for
add	verb	verb	make-addition	make an addition (to); join or combine or unite with others; increase the quality, quantity, size or scope of
aid	verb	verb	give-help	give help or assistance; be of service
ask	verb	verb	make-request	make a request or demand for something to somebody
ban	verb	verb	prohibit	prohibit especially by legal means or social pressure
bat	verb	verb	strike	strike with, or as if with a baseball bat
beg	verb	verb	call-upon	call upon in supplication; entreat
bet	verb	verb	maintain	maintain with or as if with a bet
bid	verb	verb	propose	propose a payment
bob	verb	verb	move-down	move up and down repeatedly
boo	verb	verb	show-displeasure	show displeasure, as after a performance or speech
bow	verb	verb	bend-one	bend one's knee or body, or lower one's head
buy	verb	verb	obtain	obtain by purchase; acquire by means of a financial transaction
caw	verb	verb	utter	utter a cry, characteristic of crows, rooks, or ravens
cry	verb	verb	utter	utter a sudden loud cry
cut	verb	verb	separate	separate with or as if with an instrument
dab	verb	verb	apply	apply (usually a liquid) to a surface
die	verb	verb	pass-physical	pass from physical life and lose all bodily attributes and functions necessary to sustain life
dig	verb	verb	turn-loosen	turn up, loosen, or remove earth
dip	verb	verb	immerse	immerse briefly into a liquid so as to wet, coat, or saturate
don	verb	verb	put-clothing	put clothing on one's body
dub	verb	verb	give-nickname	give a nickname to
dye	verb	verb	color	color with dye
eat	verb	verb	take-solid	take in solid food
ebb	verb	verb	flow-back	flow back or recede
eff	verb	verb	have-sexual	have sexual intercourse with
end	verb	verb	have-end	have an end, in a temporal, spatial, or quantitative sense; either spatial or metaphorical
err	verb	verb	make-mistake	to make a mistake or be incorrect
fit	verb	verb	agreeable	be agreeable or acceptable to
fix	verb	verb	restore	restore by replacing a part or putting together what is torn or broken
fly	verb	verb	travel	travel through the air; be airborne
fry	verb	verb	cook-hot	cook on a hot surface using fat
get	verb	verb	cause	cause to move; cause to be in a certain position or condition
gip	verb	verb	deprive	deprive of by deceit
hew	verb	verb	strike	strike with an axe; cut down, strike
hie	verb	verb	move-fast	move fast
hit	verb	verb	cause	cause to move by striking
hog	verb	verb	take-greedily	take greedily; take more than one's share
hop	verb	verb	jump-lightly	jump lightly
hug	verb	verb	squeeze	squeeze (someone) tightly in your arms, usually with fondness
hum	verb	verb	sing-closed	sing with closed lips
irk	verb	verb	irritate	irritate or vex
jab	verb	verb	poke-thrust	poke or thrust abruptly
jig	verb	verb	dance	dance a quick dance with leaping and kicking motions
jog	verb	verb	continue	continue talking or writing in a desultory manner
lag	verb	verb	hang-back	hang (back) or fall (behind) in movement, progress, development, etc.
lam	verb	verb	flee-take	flee; take to one's heels; cut and run
lay	verb	verb	put-certain	put into a certain place or abstract location
let	verb	verb	make-possible	make it possible through a specific action or lack of action for something to happen
lie	verb	verb	lying	be lying, be prostrate; be in a horizontal position
lob	verb	verb	propel	propel in a high arc
lop	verb	verb	cultivate	cultivate, tend, and cut back the growth of
lug	verb	verb	carry	carry with difficulty
mar	verb	verb	make-imperfect	make imperfect
mew	verb	verb	cry-like	cry like a cat
mix	verb	verb	mix-together	mix together different elements
moo	verb	verb	make-low	make a low noise, characteristic of bovines
mop	verb	verb	wash-wipe	to wash or wipe with or as if with a mop
mow	verb	verb	cut-blade	cut with a blade or mower
nab	verb	verb	take-custody	take into custody
nag	verb	verb	bother	bother persistently with trivial complaints
nip	verb	verb	give-small	give a small sharp bite to
nod	verb	verb	express	express or signify by nodding
nol	verb	verb	drop-prosecution	drop prosecution of by entering a nolle prosequi in the court records
ooh	verb	verb	express	express admiration and pleasure by uttering `ooh' or `aah'
opt	verb	verb	select	select as an alternative over another
owe	verb	verb	obliged	be obliged to pay or repay
pat	verb	verb	pat-squeeze	pat or squeeze fondly or playfully, especially under the chin
pay	verb	verb	give-money	give money, usually in exchange for goods or services
pin	verb	verb	hold-fast	to hold fast or prevent from moving
ply	verb	verb	give-what	give what is desired or needed, especially support, food or sustenance
pop	verb	verb	hit-pop-fly	hit a pop-fly
pry	verb	verb	move-force	to move or force, especially in an effort to get something open; :
put	verb	verb	cause	cause to be in a certain state; cause to be in a certain relation
ram	verb	verb	force	force into or from an action or state, either physically or metaphorically
rap	verb	verb	strike	strike sharply
ret	verb	verb	place	place (flax, hemp, or jute) in liquid so as to promote loosening of the fibers from the woody tissue
rev	verb	verb	increase	increase the number of rotations per minute
rid	verb	verb	relieve	relieve from
rip	verb	verb	tear-torn	tear or be torn violently
rob	verb	verb	rip-off	rip off; ask an unreasonable price
rot	verb	verb	break	break down
rub	verb	verb	move-over	move over something with pressure
run	verb	verb	move-fast	move fast by using one's feet, with one foot off the ground at any given time
sag	verb	verb	droop	droop, sink, or settle from or as if from pressure or loss of tautness
sap	verb	verb	deplete	deplete
saw	verb	verb	cut-saw	cut with a saw
say	verb	verb	express	express in words
see	verb	verb	perceive	perceive (an idea or situation) mentally
set	verb	verb	put-certain	put into a certain place or abstract location
sew	verb	verb	fasten	fasten by sewing; do needlework
shy	verb	verb	start	start suddenly, as from fright
sip	verb	verb	drink	drink in sips
sit	verb	verb	seated	be seated
sob	verb	verb	weep-convulsively	weep convulsively
sow	verb	verb	place	place (seeds) in or on the ground for future growth
sub	verb	verb	substitute	be a substitute
sue	verb	verb	institute	institute legal proceedings against; file a suit against
tap	verb	verb	cut-female	cut a female screw thread with a tap
tat	verb	verb	make-lacework	make lacework by knotting or looping
tie	verb	verb	fasten	fasten or secure with a rope, string, or cord
tog	verb	verb	provide	provide with clothes or put clothes on
try	verb	verb	make-effort	make an effort or attempt
tsk	verb	verb	utter	utter `tsk,' `tut,' or `tut-tut,' as in disapproval
tug	verb	verb	pull-hard	pull hard
tut	verb	verb	utter	utter `tsk,' `tut,' or `tut-tut,' as in disapproval
vex	verb	verb	cause	cause annoyance in; disturb, especially by minor irritations
vie	verb	verb	compete	compete for something; engage in a contest; measure oneself against others
vow	verb	verb	make-vow	make a vow; promise
wad	verb	verb	compress	compress into a wad
wag	verb	verb	move-side	move from side to side
wed	verb	verb	take-marriage	take in marriage
win	verb	verb	winner	be the winner in a contest or competition; be victorious
woo	verb	verb	seek-someone	seek someone's favor
yap	verb	verb	bark-high-pitched	bark in a high-pitched tone
zip	verb	verb	close	close with a zipper
abet	verb	verb	assist	assist or encourage, usually in some wrongdoing
abut	verb	verb	lie-adjacent	lie adjacent to another or share a boundary
abye	verb	verb	make-amends	make amends for
aaa	what	noun	aneurysm	an aneurysm of the abdominal aorta associated with old age and hypertension
aar	what	noun	river	a river in north central Switzerland that runs northeast into the Rhine
aas	what	noun	associate	an associate degree in applied science
aba	what	noun	fabric	a fabric woven from goat hair and camel hair
abb	what	noun	urban	an urban hit squad and guerrilla group of the Communist Party in the Philippines; formed in the 1980s
abc	what	noun	elementary	the elementary stages of any subject (usually plural)
abm	what	noun	defensive	a defensive missile designed to shoot down incoming intercontinental ballistic missiles
abs	what	noun	class	any of a class of composite plastics used to make car bodies and cases for computers and other appliances
acc	what	noun	command	a command that is the primary provider of air combat weapon systems to the United States Air Force; operates fighter, bo
ace	what	noun	smallest	the smallest whole number or a numeral representing this number
act	what	noun	legal	a legal document codifying the result of deliberations of a committee or society or legislative body
ada	what	noun	enzyme	an enzyme found in mammals that can catalyze the deamination of adenosine into inosine and ammonia
ade	what	noun	sweetened	a sweetened beverage of diluted fruit juice
adh	what	noun	hormone	hormone secreted by the posterior pituitary gland (trade name Pitressin) and also by nerve endings in the hypothalamus; 
ado	what	noun	rapid	a rapid active commotion
adp	what	noun	data-processing	data processing by a computer
adz	what	noun	edge-tool	an edge tool used to cut and shape wood
aec	what	noun	former	a former executive agency (from 1946 to 1974) that was responsible for research into atomic energy and its peacetime use
afl	what	noun	federation	a federation of North American labor unions that merged with the Congress of Industrial Organizations in 1955
afp	what	noun	abnormally	an abnormally large amount of this fetoprotein in the fetus can signal an abnormality of the neural tube (as spina bifid
aga	what	noun	title	title for a civil or military leader (especially in Turkey)
age	what	noun	how-long	how long something has existed
ail	what	noun	aromatic	aromatic bulb used as seasoning
aim	what	noun	anticipated	an anticipated outcome that is intended or that guides your planned actions
air	what	noun	mixture	a mixture of gases (especially oxygen) required for breathing; the stuff that the wind consists of
aix	what	noun	wood-duck	wood duck and mandarin duck
aku	what	noun	kwa-language	a Kwa language spoken by the Yoruba in southwestern Nigeria
ala	what	noun	wing-insect	a wing of an insect
alb	what	noun	white	a white linen liturgical vestment with sleeves; worn by priests
ale	what	noun	general	a general name for beer made with a top fermenting yeast; in some of the United States an ale is (by law) a brew of more
alp	what	noun	high-mountain	any high mountain
als	what	noun	thickening	thickening of tissue in the motor tracts of the lateral columns and anterior horns of the spinal cord; results in progre
alt	what	noun	angular	angular distance above the horizon (especially of a celestial object)
amd	what	noun	macular	macular degeneration that is age-related
amp	what	noun	basic	the basic unit of electric current adopted under the Systeme International d'Unites
ana	what	noun	collection	a collection of anecdotes about a person or place
ang	what	noun	civilian	a civilian reserve component of the United States Air Force that provides prompt mobilization during war and assistance 
ani	what	noun	black	black tropical American cuckoo
ano	what	noun	palestinian	a Palestinian international terrorist organization that split from the PLO in 1974; has conducted terrorist attacks in 2
ans	what	noun	part-nervous	the part of the nervous system of vertebrates that controls involuntary actions of the smooth muscles and heart and glan
ant	what	noun	social	social insect living in organized colonies; characteristically the males and fertile queen have wings during breeding se
anu	what	noun	babylonian	Babylonian god of the sky; one of the supreme triad including Bel and Ea
apc	what	noun	drug-combination	a drug combination found in some over-the-counter headache remedies (aspirin and phenacetin and caffeine)
ape	what	noun	various	any of various primates with short tails or no tail at all
apr	what	noun	month	the month following March and preceding May
ara	what	noun	macaws	macaws
arc	what	noun	electrical	electrical conduction through a gas in an applied electric field
ark	what	noun	boat-built	a boat built by Noah to save his family and animals from the flood
arm	what	noun	human	a human limb; technically the part of the superior limb between the shoulder and the elbow but commonly used to refer to
art	what	noun	products	the products of human creativity; works of art collectively
ash	what	noun	residue	the residue that remains when something is burned
asl	what	noun	sign-language	the sign language used in the United States
asp	what	noun	cobra	cobra used by the Pharaohs as a symbol of their power over life and death
ass	what	noun	fleshy	the fleshy part of the human body that you sit on
ate	what	noun	goddess	goddess of criminal rashness and its punishment
atf	what	noun	law-enforcement	the law enforcement and tax collection agency of the Treasury Department that enforces federal laws concerning alcohol a
atm	what	noun	unit-pressure	a unit of pressure: the pressure that will support a column of mercury 760 mm high at sea level and 0 degrees centigrade
atp	what	noun	nucleotide	a nucleotide derived from adenosine that occurs in muscle tissue; the major source of energy for cellular reactions
auc	what	noun	terrorist	a terrorist organization in Colombia formed in 1997 as an umbrella for local and regional paramilitary groups; is financ
aug	what	noun	month	the month following July and preceding September
auk	what	noun	black-and-white	black-and-white short-necked web-footed diving bird of northern seas
aum	what	noun	terrorist	a terrorist organization whose goal is to take over Japan and then the world; based on a religion founded in 1987 that c
avo	what	noun	avos-equal	100 avos equal 1 pataca in Macao
awe	what	noun	overwhelming	an overwhelming feeling of wonder or admiration
awl	what	noun	pointed	a pointed tool for marking surfaces or for punching small holes
awn	what	noun	slender	slender bristlelike appendage found on the bracts of grasses
axe	what	noun	edge-tool	an edge tool with a heavy bladed head mounted across a handle
ayr	what	noun	port-southwestern	a port in southwestern Scotland
azt	what	noun	antiviral	an antiviral drug (trade name Retrovir) used in the treatment of AIDS; adverse side effects include liver damage and sup
baa	what	noun	cry-made	the cry made by sheep
bag	what	noun	flexible	a flexible container with a single opening
bai	what	noun	tibeto-burman	the Tibeto-Burman language spoken in the Dali region of Yunnan
bam	what	noun	sudden	a sudden very loud noise
bap	what	noun	small	a small loaf or roll of soft bread
bar	what	noun	room-establishment	a room or establishment where alcoholic drinks are served over a counter
bay	what	noun	indentation	an indentation of a shoreline larger than a cove but smaller than a gulf
bbl	what	noun	various	any of various units of capacity
bbs	what	noun	computer	a computer that is running software that allows users to leave messages and access information of general interest
bed	what	noun	piece	a piece of furniture that provides a place to sleep
bee	what	noun	numerous	any of numerous hairy-bodied insects including social and solitary species
bel	what	noun	babylonian	Babylonian god of the earth; one of the supreme triad including Anu and Ea; earlier identified with En-lil
ben	what	noun	mountain	a mountain or tall hill
bib	what	noun	napkin	a napkin tied under the chin of a child while eating
bin	what	noun	container	a container; usually has a lid
bit	what	noun	small	a small piece or quantity of something
biz	what	noun	your-occupation	your occupation or line of work
bja	what	noun	bureau	the bureau in the Department of Justice that assists local criminal justice systems to reduce or prevent crime and viole
bjs	what	noun	agency	the agency in the Department of Justice that is the primary source of criminal justice statistics for federal and local 
blt	what	noun	sandwich	sandwich filled with slices of bacon and tomato with lettuce
bmi	what	noun	measure	a measure of someone's weight in relation to height; to calculate one's BMI, multiply one's weight in pounds and divide 
bmr	what	noun	rate-heat	the rate at which heat is produced by an individual in a resting state
bns	what	noun	bachelor	a bachelor's degree in naval science
boa	what	noun	several	any of several chiefly tropical constrictors with vestigial hind limbs
bod	what	noun	alternative	alternative names for the body of a human being
bog	what	noun	wet-spongy	wet spongy ground of decomposing vegetation; has poorer drainage than a swamp; soil is unfit for cultivation but can be 
bop	what	noun	early	an early form of modern jazz (originating around 1940)
bos	what	noun	wild-domestic	wild and domestic cattle; in some classifications placed in the subfamily Bovinae or tribe Bovini
bot	what	noun	botfly	botfly larva; typically develops inside the body of a horse or sheep or human
box	what	noun	usually	a (usually rectangular) container; may have a lid
bph	what	noun	enlarged	enlarged prostate; appears to be part of the natural aging process
bpi	what	noun	measure	a measure of how densely information is packed on a storage medium
bpm	what	noun	pace-music	the pace of music measured by the number of beats occurring in 60 seconds
bps	what	noun	computer	(computer science) the rate at which data is transferred (as by a modem)
bra	what	noun	undergarment	an undergarment worn by women to support their breasts
bse	what	noun	fatal	a fatal disease of cattle that affects the central nervous system; causes staggering and agitation
btu	what	noun	unit-heat	a unit of heat equal to the amount of heat required to raise one pound of water one degree Fahrenheit at one atmosphere 
bud	what	noun	partially	a partially opened flower
bug	what	noun	general	general term for any insect or similar creeping or crawling invertebrate
bun	what	noun	small	small rounded bread either plain or sweet
bur	what	noun	small	small bit used in dentistry or surgery
bus	what	noun	vehicle	a vehicle carrying many passengers; used for public transport
bvd	what	noun	trademark	trademark for men's underwear
bwr	what	noun	nuclear	a nuclear reactor that uses water as a coolant and moderator; the water boils in the reactor core and the steam produced
bye	what	noun	farewell	a farewell remark
cab	what	noun	compartment	a compartment at the front of a motor vehicle or locomotive where driver sits
cad	what	noun	software	software used in art and architecture and engineering and manufacturing to assist in precision drawing
cam	what	noun	rotating	a rotating disk shaped to convert circular into linear motion
cap	what	noun	tight-fitting	a tight-fitting headdress
car	what	noun	motor	a motor vehicle with four wheels; usually propelled by an internal combustion engine
cat	what	noun	feline	feline mammal usually having thick soft fur and no ability to roar: domestic cats; wildcats
abo	who	noun	dark-skinned	a dark-skinned member of a race of people living in Australia when Europeans arrived
ali	who	noun	fourth	the fourth caliph of Islam who is considered to be the first caliph by Shiites; he was a cousin and son-in-law of Muhamm
arb	who	noun	someone	someone who engages in arbitrage (who purchases securities in one market for immediate resale in another in the hope of 
arp	who	noun	alsatian	Alsatian artist and poet who was cofounder of dadaism in Zurich; noted for abstract organic sculptures (1887-1966)
bey	who	noun	governor	the governor of a district or province in the Ottoman Empire
boy	who	noun	youthful	a youthful male person
bum	who	noun	person	a person who is deemed to be despicable or contemptible
ceo	who	noun	corporate	the corporate executive responsible for the operations of the firm; reports to a board of directors; may appoint other m
cfo	who	noun	corporate	the corporate executive having financial authority to make appropriations and authorize expenditures for a firm
cop	who	noun	uncomplimentary	uncomplimentary terms for a policeman
cox	who	noun	helmsman	the helmsman of a ship's boat or a racing crew
cpa	who	noun	accountant	an accountant who has passed certain examinations and met all other statutory and licensing requirements of a United Sta
dad	who	noun	informal	an informal term for a father; probably derived from baby talk
dci	who	noun	head-united	the head of the United States Intelligence Community and director of the Central Intelligence Agency
deb	who	noun	young	a young woman making her debut into society
dix	who	noun	united	United States social reformer who pioneered in the reform of prisons and in the treatment of the mentally ill; superinte
eck	who	noun	german	a German Roman Catholic theologian who was an indefatigable opponent of Martin Luther (1486-1543)
esq	who	noun	title	a title of respect for a member of the English gentry ranking just below a knight; placed after the name
eve	who	noun	old-testament	(Old Testament) Adam's wife in Judeo-Christian mythology: the first woman and mother of the human race; God created Eve 
fdr	who	noun	president	32nd President of the United States; elected four times; instituted New Deal to counter the Great Depression and led cou
foe	who	noun	armed	an armed adversary (especially a member of an opposing military force)
fop	who	noun	man-much	a man who is much concerned with his dress and appearance
git	who	noun	person	a person who is deemed to be despicable or contemptible
goy	who	noun	christian	a Christian as contrasted with a Jew
guy	who	noun	informal	an informal term for a youth or man
hun	who	noun	member	a member of a nomadic people who invaded Europe in the 4th century
hus	who	noun	czechoslovakian	Czechoslovakian religious reformer who anticipated the Reformation; he questioned the infallibility of the Catholic Chur
ike	who	noun	united	United States general who supervised the invasion of Normandy and the defeat of Nazi Germany; 34th President of the Unit
jap	who	noun	offensive	(offensive slang) offensive term for a person of Japanese descent
jat	who	noun	member	a member of an Indo-European people widely scattered throughout the northwest of the Indian subcontinent and consisting 
jew	who	noun	person	a person belonging to the worldwide group claiming descent from Jacob (or converted to it) and connected by cultural or 
jfk	who	noun	president	35th President of the United States; established the Peace Corps; assassinated in Dallas (1917-1963)
jnr	who	noun	son-has	a son who has the same first name as his father
kid	who	noun	young	a young person of either sex
kyd	who	noun	english	English dramatist (1558-1594)
lad	who	noun	boy-man	a boy or man
lbj	who	noun	president	36th President of the United States; was elected vice president and succeeded Kennedy when Kennedy was assassinated (190
lin	who	noun	united	United States sculptor and architect whose public works include the memorial to veterans of the Vietnam War in Washingto
lpn	who	noun	nurse	a nurse who has enough training to be licensed by a state to provide routine care for the sick
man	who	noun	adult	an adult person who is male (as opposed to a woman)
mao	who	noun	chinese	Chinese communist leader (1893-1976)
mom	who	noun	informal	informal terms for a mother
mvp	who	noun	player	the player judged to be the most important to the sport
ney	who	noun	french	French marshal in the Napoleonic Wars (1769-1815)
nob	who	noun	informal	informal term for an upper-class or wealthy person
noc	who	noun	undercover	an undercover agent who is given no official cover
nun	who	noun	woman	a woman religious
oaf	who	noun	awkward	an awkward stupid person
odo	who	noun	french	French pope from 1088 to 1099 whose sermons called for the First Crusade (1042-1099)
ohm	who	noun	german	German physicist who formulated Ohm's law (1787-1854)
ono	who	noun	united	United States musician (born in Japan) who married John Lennon and collaborated with him on recordings (born in 1933)
orr	who	noun	canadian	Canadian hockey player (born 1948)
pal	who	noun	close	a close friend who accompanies his buddies in their activities
pei	who	noun	united	United States architect (born in China in 1917)
poe	who	noun	united	United States writer and poet (1809-1849)
pol	who	noun	person	a person active in party politics
pom	who	noun	disparaging	a disparaging term for a British person
pow	who	noun	person	a person who surrenders to (or is taken by) the enemy in time of war
reb	who	noun	johnny	`Johnny' was applied as a nickname for Confederate soldiers by the Federal soldiers in the American Civil War; `greyback
ref	who	noun	sports	(sports) the chief official (as in boxing or American football) who is expected to ensure fair play
rex	who	noun	male-sovereign	a male sovereign; ruler of a kingdom
sib	who	noun	one-related	one related by blood or origin; especially on sharing an ancestor with another
sir	who	noun	term-address	term of address for a man
sis	who	noun	female	a female person who has the same parents as another person
son	who	noun	male-human	a male human offspring
sot	who	noun	chronic	a chronic drinker
spy	who	noun	military	(military) a secret agent hired by a state to obtain information about its enemies or by a business to obtain industrial
tec	who	noun	police	a police officer who investigates crimes
ted	who	noun	tough	a tough youth of 1950's and 1960's wearing Edwardian style clothes
tot	who	noun	young	a young child
ump	who	noun	official	an official at a baseball game
vet	who	noun	doctor	a doctor who practices veterinary medicine
vip	who	noun	important	an important or influential (and often overbearing) person
who	who	noun	united	a United Nations agency to coordinate international health activities and to help governments improve health services
wiz	who	noun	someone	someone who is dazzlingly skilled in any field
wog	who	noun	offensive	(offensive British slang) term used by the British to refer to people of color from Africa or Asia
wop	who	noun	ethnic	(ethnic slur) offensive term for a person of Italian descent
yid	who	noun	ethnic	(ethnic slur) offensive term for a Jew
yob	who	noun	cruel	a cruel and brutal fellow
abbe	who	noun	french	a French abbot
abel	who	noun	old-testament	(Old Testament) Cain and Abel were the first children of Adam and Eve born after the Fall of Man; Abel was killed by Cai
adam	who	noun	old-testament	(Old Testament) in Judeo-Christian mythology; the first man and the husband of Eve and the progenitor of the human race
agee	who	noun	united	United States novelist (1909-1955)
ahab	who	noun	according	according to the Old Testament he was a pagan king of Israel and husband of Jezebel (9th century BC)
aide	who	noun	officer	an officer who acts as military assistant to a more senior officer
alky	who	noun	person	a person who drinks alcohol to excess habitually
amah	who	noun	female	a female domestic
amir	who	noun	independent	an independent ruler or chieftain (especially in Africa or Arabia)
anne	who	noun	queen	Queen of England and Scotland and Ireland; daughter if James II and the last of the Stuart monarchs; in 1707 she was the
aper	who	noun	someone	someone who copies the words or behavior of another
asch	who	noun	united	United States writer (born in Poland) who wrote in Yiddish (1880-1957)
ashe	who	noun	united	United States tennis player who was the first Black to win United States and English singles championships (1943-1993)
aunt	who	noun	sister	the sister of your father or mother; the wife of your uncle
ayah	who	noun	india	(in India) a native nursemaid who looks after children
baas	who	noun	south	South African term for `boss'
babe	who	noun	young	a very young child (birth to 1 year) who has not yet begun to walk or talk
babu	who	noun	hindi	used as a Hindi courtesy title; equivalent to English `Mr'
baby	who	noun	young	a very young child (birth to 1 year) who has not yet begun to walk or talk
bart	who	noun	member	a member of the British order of honor; ranks below a baron but above a knight
baum	who	noun	united	United States writer of children's books (1856-1919)
bawd	who	noun	woman	a woman who engages in sexual intercourse for money
beau	who	noun	man-lover	a man who is the lover of a girl or young woman
beda	who	noun	roman	(Roman Catholic Church) English monk and scholar (672-735)
bede	who	noun	roman	(Roman Catholic Church) English monk and scholar (672-735)
berk	who	noun	stupid	a stupid person who is easy to take advantage of
blok	who	noun	russian	Russian poet (1880-1921)
boer	who	noun	white	a white native of Cape Province who is a descendant of Dutch settlers and who speaks Afrikaans
bohr	who	noun	danish	Danish physicist who studied atomic structure and radiations; the Bohr theory of the atom accounted for the spectrum of 
boor	who	noun	crude	a crude uncouth ill-bred person lacking culture or refinement
bose	who	noun	indian	Indian physicist who with Albert Einstein proposed statistical laws based on the indistinguishability of particles; led 
boss	who	noun	person	a person who exercises control over workers
bozo	who	noun	informal	an informal term for a youth or man
buff	who	noun	ardent	an ardent follower and admirer
burk	who	noun	united	United States frontierswoman and legendary figure of the Wild West noted for her marksmanship (1852-1903)
burt	who	noun	english	English psychologist whose studies of twins were later said to have used fabricated data (1883-1971)
byrd	who	noun	explorer	explorer and United States naval officer; led expeditions to explore Antarctica (1888-1957)
cain	who	noun	old-testament	(Old Testament) Cain and Abel were the first children of Adam and Eve born after the Fall of Man; Cain killed Abel out o
capo	who	noun	head-branch	the head of a branch of an organized crime syndicate
celt	who	noun	member	a member of a European people who once occupied Britain and Spain and Gaul prior to Roman times
cewa	who	noun	member	a member of the Bantu-speaking people of Malawi and eastern Zambia and northern Zimbabwe
ain	adj	adjective	belonging	belonging to or on behalf of a specified person (especially yourself); preceded by a possessive
all	adj	adjective	quantifier	quantifier; used with either mass or count nouns to indicate the whole number or amount of or every one of a class
ane	adj	adjective	single	used of a single unit or thing; not two or more
apt	adj	adjective	striking	being of striking appropriateness and pertinence
azo	adj	adjective	relating	relating to or containing the azo radical
bad	adj	adjective	undesirable	having undesirable or negative qualities
big	adj	adjective	above	above average in size or number or quantity or magnitude or extent
ccc	adj	adjective	one-hundred	being one hundred more than two hundred
clv	adj	adjective	five-one	being five more than one hundred fifty
clx	adj	adjective	ten-one	being ten more than one hundred fifty
cod	adj	adjective	payable	payable by the recipient on delivery
coy	adj	adjective	modestly	modestly or warily rejecting approaches or overtures
cxl	adj	adjective	ten-one	being ten more than one hundred thirty
cxv	adj	adjective	five-one	being five more than one hundred ten
cxx	adj	adjective	ten-one	being ten more than one hundred ten
dim	adj	adjective	lacking	lacking in light; not bright or harsh
dry	adj	adjective	free-liquid	free from liquid or moisture; lacking natural or normal moisture or depleted of water; or no longer wet
dud	adj	adjective	failing	failing to detonate; especially not charged with an active explosive
due	adj	adjective	owed-payable	owed and payable immediately or on demand
dun	adj	adjective	dull-greyish	of a dull greyish brown to brownish grey color
fab	adj	adjective	extremely	extremely pleasing
fat	adj	adjective	over-abundance	having an (over)abundance of flesh
few	adj	adjective	quantifier	a quantifier that can be used with count nouns and is often preceded by `a'; a small but indefinite number
fey	adj	adjective	suggestive	suggestive of an elf in strangeness and otherworldliness; ; - John Mason Brown
gay	adj	adjective	bright	bright and pleasant; promoting a feeling of cheer
hep	adj	adjective	informed	informed about the latest trends
het	adj	adjective	made-warm	made warm or hot (`het' is a dialectal variant of `heated')
hot	adj	adjective	physical	used of physical heat; having a high or higher than desirable temperature or giving off heat or feeling or causing a sen
icy	adj	adjective	devoid	devoid of warmth and cordiality; expressive of unfriendliness or disdain
iii	adj	adjective	one-two	being one more than two
ill	adj	adjective	affected	affected by an impairment of normal physical or mental function
ilx	adj	adjective	nine-fifty	being nine more than fifty
ixc	adj	adjective	nine-eighty	being nine more than eighty
ixl	adj	adjective	nine-thirty	being nine more than thirty
kin	adj	adjective	related	related by blood
lao	adj	adjective	relating	of or relating to a member of the Buddhist people inhabiting the Mekong river in Laos and Thailand
lax	adj	adjective	lacking	lacking in rigor or strictness
lee	adj	adjective	towards	towards the side away from the wind
lii	adj	adjective	two-fifty	being two more than fifty
lit	adj	adjective	provided	provided with artificial light
liv	adj	adjective	four-fifty	being four more than fifty
low	adj	adjective	less-normal	less than normal in degree or intensity or amount
lvi	adj	adjective	six-fifty	being six more than fifty
lxi	adj	adjective	one-sixty	being one more than sixty
lxv	adj	adjective	five-sixty	being five more than sixty
lxx	adj	adjective	ten-sixty	being ten more than sixty
mad	adj	adjective	roused	roused to anger; - Mark Twain
mid	adj	adjective	combination	used in combination to denote the middle
mod	adj	adjective	relating	relating to a recently developed fashion or style
mum	adj	adjective	failing	failing to speak or communicate etc when expected to
nee	adj	adjective	meaning	(meaning literally `born') used to indicate the maiden or family name of a married woman
neo	adj	adjective	combining	(used as a combining form) recent or new
net	adj	adjective	remaining	remaining after all deductions
new	adj	adjective	long-duration	not of long duration; having just (or relatively recently) come into being or been made or acquired or discovered
nth	adj	adjective	last-greatest	last or greatest in an indefinitely large series
odd	adj	adjective	divisible	not divisible by two
old	adj	adjective	long-duration	of long duration; not new
one	adj	adjective	single	used of a single unit or thing; not two or more
otc	adj	adjective	securities	(of securities) not traded on a stock exchange
own	adj	adjective	belonging	belonging to or on behalf of a specified person (especially yourself); preceded by a possessive
pro	adj	adjective	favor	in favor of (an action or proposal etc.)
raw	adj	adjective	especially	(used especially of commodities) being unprocessed or manufactured using only simple or minimal processes
red	adj	adjective	color	of a color at the end of the color spectrum (next to orange); resembling the color of blood or cherries or tomatoes or r
rit	adj	adjective	gradually	gradually decreasing in tempo
rum	adj	adjective	beyond	beyond or deviating from the usual or expected
sad	adj	adjective	experiencing	experiencing or showing sorrow or unhappiness; ; - Christina Rossetti
six	adj	adjective	denoting	denoting a quantity consisting of six items or units
sly	adj	adjective	marked	marked by skill in deception
tai	adj	adjective	relating	of or relating to Thailand
ten	adj	adjective	one-nine	being one more than nine
tod	adj	adjective	alone	alone and on your own
two	adj	adjective	one-one	being one more than one
ult	adj	adjective	month	in or of the month preceding the present one
vii	adj	adjective	one-six	being one more than six
wan	adj	adjective	light	(of light) lacking in intensity or brightness; dim or feeble
wee	adj	adjective	informally	(used informally) very small
wet	adj	adjective	covered	covered or soaked with a liquid such as water
won	adj	adjective	subject	not subject to defeat
wry	adj	adjective	humorously	humorously sarcastic or mocking
xci	adj	adjective	one-ninety	being one more than ninety
xcl	adj	adjective	ten-one	being ten more than one hundred eighty
xcv	adj	adjective	five-ninety	being five more than ninety
xii	adj	adjective	denoting	denoting a quantity consisting of 12 items or units
xiv	adj	adjective	one-thirteen	being one more than thirteen
xix	adj	adjective	one-eighteen	being one more than eighteen
xli	adj	adjective	one-forty	being one more than forty
xlv	adj	adjective	five-forty	being five more than forty
xvi	adj	adjective	one-fifteen	being one more than fifteen
xxi	adj	adjective	one-twenty	being one more than twenty
xxv	adj	adjective	five-twenty	being five more than twenty
xxx	adj	adjective	ten-twenty	being ten more than twenty
yon	adj	adjective	distant	distant but within sight (`yon' is dialectal)
able	adj	adjective	usually	(usually followed by `to') having the necessary means or skill or know-how or authority to do something
achy	adj	adjective	causing	causing a dull and steady pain
aery	adj	adjective	characterized	characterized by lightness and insubstantiality; as impalpable or intangible as air; - Thomas Carlyle
aged	adj	adjective	advanced	advanced in years; (`aged' is pronounced as two syllables)
agog	adj	adjective	highly	highly excited
airy	adj	adjective	open-abounding	open to or abounding in fresh air
ajar	adj	adjective	slightly	slightly open
akin	adj	adjective	similar	similar in quality or character
alar	adj	adjective	resembling	having or resembling wings
alto	adj	adjective	musical	(of a musical instrument) second highest member of a group
amok	adj	adjective	frenzied	frenzied as if possessed by a demon
anal	adj	adjective	stage	a stage in psychosexual development when the child's interest is concentrated on the anal region; fixation at this stage
anon	adj	adjective	known	having no known name or identity or known source
anti	adj	adjective	favor	not in favor of (an action or proposal etc.)
arco	adj	adjective	instruments	(of instruments in the violin family) to be played with the bow
arid	adj	adjective	lacking	lacking vitality or spirit; lifeless; ; ; -C.J.Rolo
arty	adj	adjective	showily	showily imitative of art or artists
asat	adj	adjective	relating	of or relating to a system to destroy satellites in orbit
ashy	adj	adjective	light	of a light grey
auld	adj	adjective	scottish	a Scottish word
avid	adj	adjective	marked	marked by active interest and enthusiasm
awed	adj	adjective	inspired	inspired by a feeling of fearful wonderment or reverence
awny	adj	adjective	awns-bristlelike	having awns i.e. bristlelike or hairlike appendages on the flowering parts of some cereals and grasses
awol	adj	adjective	absent	absent without permission
awry	adj	adjective	turned	turned or twisted toward one side; - G.K.Chesterton
bald	adj	adjective	lacking	lacking hair on all or most of the scalp
bare	adj	adjective	lacking	lacking in amplitude or quantity
bats	adj	adjective	informal	informal or slang terms for mentally irregular
aft	how	adverb	near-toward	at or near or toward the stern of a ship or tail of an airplane
ago	how	adverb	past	in the past
any	how	adverb	degree	to any degree or extent
bce	how	adverb	period	of the period before the Common Era; preferred by some writers who are not Christians
etc	how	adverb	continuing	continuing in the same way
far	how	adverb	considerable	to a considerable degree; very much
nay	how	adverb	merely	not this merely but also; not only so but
non	how	adverb	negation	negation of a word or group of words
now	how	adverb	times	in these times; - Nancy Mitford
oft	how	adverb	many-times	many times at short intervals
prn	how	adverb	according	according to need (physicians use PRN in writing prescriptions)
sic	how	adverb	intentionally	intentionally so written (used after a printed word or phrase)
viz	how	adverb	follows	as follows
yea	how	adverb	only-but	not only so, but
yet	how	adverb	present	up to the present time
abed	how	adverb	bed	in bed
ably	how	adverb	competence	with competence; in a competent capable manner
afar	how	adverb	old-fashioned	(old-fashioned) at or from or to a great distance; far
alas	how	adverb	bad-luck	by bad luck
alee	how	adverb	toward	on or toward the lee
anew	how	adverb	again	again but in a new or different way
asap	how	adverb	soon-possible	as soon as possible
asea	how	adverb	direction	in the direction of the sea
atop	how	adverb	top	on, to, or at the top
away	how	adverb	particular	from a particular thing or place or position (`forth' is obsolete)
back	how	adverb	toward	in or to or toward a former location
duly	how	adverb	proper	at the proper time
each	how	adverb	every	to or from every one of two or more (considered individually)
ergo	how	adverb	sentence	(used as a sentence connector) therefore or consequently
erst	how	adverb	previous	at a previous time
even	how	adverb	intensive	used as an intensive especially to indicate something unexpected
ever	how	adverb	time	at any time
here	how	adverb	place	in or at this place; where the speaker or writer is
home	how	adverb	direction	at or to or in the direction of one's home or family
ibid	how	adverb	same-place	in the same place (used when citing a reference)
idly	how	adverb	idle-manner	in an idle manner
less	how	adverb	form-comparative	used to form the comparative of some adjectives and adverbs
lief	how	adverb	willing	in a willing manner
none	how	adverb	way	not at all or in no way
once	how	adverb	one-occasion	on one occasion
orad	how	adverb	toward	toward the mouth or oral region
plop	how	adverb	short	with a short hollow thud
plum	how	adverb	exactly	exactly
soon	how	adverb	near-future	in the near future
such	how	adverb	extreme	to so extreme a degree
thus	how	adverb	introduce	(used to introduce a logical conclusion) from that fact or reason or as a result
unco	how	adverb	remarkable	to a remarkable degree or extent
well	how	adverb	often	(often used as a combining form) in a good or proper or satisfactory manner or to a high standard (`good' is a nonstanda
yeah	how	adverb	only-but	not only so, but
aback	how	adverb	surprise	by surprise
abaft	how	adverb	near-toward	at or near or toward the stern of a ship or tail of an airplane
abeam	how	adverb	right	at right angles to the length of a ship or airplane
above	how	adverb	earlier	at an earlier place
afoot	how	adverb	foot-walking	on foot; walking
after	how	adverb	happening	happening at a time subsequent to a reference time
again	how	adverb	anew	anew
ahead	how	adverb	front	at or in the front
alias	how	adverb	known	as known or named at another time or place
aloft	how	adverb	higher	in the higher atmosphere above the earth
alone	how	adverb	without	without any others being included or involved
along	how	adverb	forward	with a forward motion
aloud	how	adverb	using	using the voice; not silently
amain	how	adverb	your-strength	with all your strength
amply	how	adverb	ample	to an ample degree or in an ample manner
apace	how	adverb	rapid	with rapid movements
apart	how	adverb	separated	separated or at a distance in place or position or time
aptly	how	adverb	competence	with competence; in a competent capable manner
aside	how	adverb	one-side	on or to one side
badly	how	adverb	severe	to a severe or serious degree
below	how	adverb	place	in or to a place that is lower
coyly	how	adverb	coy-manner	in a coy manner
daily	how	adverb	every	every day; without missing a day
dimly	how	adverb	dim-indistinct	in a dim indistinct manner
doggo	how	adverb	quietly	quietly in concealment
dolce	how	adverb	gently	gently and sweetly
drily	how	adverb	dry-laconic	in a dry laconic manner;  he said dryly
dryly	how	adverb	dry-laconic	in a dry laconic manner;  he said dryly
dully	how	adverb	without	without liveliness
fitly	how	adverb	appropriate	in an appropriate manner
forth	how	adverb	particular	from a particular thing or place or position (`forth' is obsolete)
fully	how	adverb	greatest	to the greatest degree or extent; completely or entirely; (`full' in this sense is used as a combining form)
gaily	how	adverb	gay-manner	in a gay manner
gayly	how	adverb	joyous	in a joyous manner
haply	how	adverb	accident	by accident
heaps	how	adverb	much	very much
hence	how	adverb	introduce	(used to introduce a logical conclusion) from that fact or reason or as a result
hotly	how	adverb	heated	in a heated manner
icily	how	adverb	cold-icy	in a cold and icy manner
infra	how	adverb	writing	(in writing) see below
kinda	how	adverb	great	to some (great or small) extent
later	how	adverb	happening	happening at a time subsequent to a reference time
laxly	how	adverb	permissively	in a permissively lenient manner
least	how	adverb	form-superlative	used to form the superlative
madly	how	adverb	uncontrolled	in an uncontrolled manner
maybe	how	adverb	chance	by chance
molto	how	adverb	much	much
needs	how	adverb	manner	in such a manner as could not be otherwise
never	how	adverb	ever-time	not ever; at no time in the past or future
newly	how	adverb	recently	very recently
nobly	how	adverb	noble	in a noble manner
nohow	how	adverb	manner	in no manner; in no way
oddly	how	adverb	manner	in a manner differing from the usual or expected
often	how	adverb	many-times	many times at short intervals
plumb	how	adverb	completely	completely; used as intensifiers
quite	how	adverb	degree	to a degree (not used with a negative)
redly	how	adverb	displaying	displaying a red color; -Adria Langley
sadly	how	adverb	unfortunate	in an unfortunate way
shyly	how	adverb	shy-timid	in a shy or timid or bashful manner
slyly	how	adverb	artful	in an artful manner
still	how	adverb	despite	despite anything to the contrary (usually following a concession)
supra	how	adverb	earlier	at an earlier place
there	how	adverb	place	in or at that place
truly	how	adverb	accordance	in accordance with truth or fact or reality
twice	how	adverb	two-times	two times
wanly	how	adverb	weak-pale	in a weak or pale or languid manner
wryly	how	adverb	wry-manner	in a wry manner
aboard	how	adverb	ship-train	on a ship, train, plane or other vehicle
aborad	how	adverb	away-mouth	away from the mouth or oral region
abroad	how	adverb	foreign	to or in a foreign country
across	how	adverb	opposite	to the opposite side
