# domain	grade	kind	question	answer
# Open PK-K-G1 curriculum bank — generated by curriculum_open.py
math	preschool	fact	number 0	zero
math	preschool	fact	count word zero	0
math	preschool	fact	after zero	one
math	preschool	problem	next after 0	1
math	preschool	fact	number 1	one
math	preschool	fact	count word one	1
math	preschool	fact	after one	two
math	preschool	problem	next after 1	2
math	preschool	fact	before one	zero
math	preschool	fact	number 2	two
math	preschool	fact	count word two	2
math	preschool	fact	after two	three
math	preschool	problem	next after 2	3
math	preschool	fact	before two	one
math	preschool	fact	number 3	three
math	preschool	fact	count word three	3
math	preschool	fact	after three	four
math	preschool	problem	next after 3	4
math	preschool	fact	before three	two
math	preschool	fact	number 4	four
math	preschool	fact	count word four	4
math	preschool	fact	after four	five
math	preschool	problem	next after 4	5
math	preschool	fact	before four	three
math	preschool	fact	number 5	five
math	preschool	fact	count word five	5
math	preschool	fact	after five	six
math	preschool	problem	next after 5	6
math	preschool	fact	before five	four
math	kindergarten	fact	number 6	six
math	kindergarten	fact	count word six	6
math	kindergarten	fact	after six	seven
math	kindergarten	problem	next after 6	7
math	kindergarten	fact	before six	five
math	kindergarten	fact	number 7	seven
math	kindergarten	fact	count word seven	7
math	kindergarten	fact	after seven	eight
math	kindergarten	problem	next after 7	8
math	kindergarten	fact	before seven	six
math	kindergarten	fact	number 8	eight
math	kindergarten	fact	count word eight	8
math	kindergarten	fact	after eight	nine
math	kindergarten	problem	next after 8	9
math	kindergarten	fact	before eight	seven
math	kindergarten	fact	number 9	nine
math	kindergarten	fact	count word nine	9
math	kindergarten	fact	after nine	ten
math	kindergarten	problem	next after 9	10
math	kindergarten	fact	before nine	eight
math	kindergarten	fact	number 10	ten
math	kindergarten	fact	count word ten	10
math	kindergarten	fact	after ten	eleven
math	kindergarten	problem	next after 10	11
math	kindergarten	fact	before ten	nine
math	grade1	fact	number 11	eleven
math	grade1	fact	count word eleven	11
math	grade1	fact	after eleven	twelve
math	grade1	problem	next after 11	12
math	grade1	fact	before eleven	ten
math	grade1	fact	number 12	twelve
math	grade1	fact	count word twelve	12
math	grade1	fact	after twelve	thirteen
math	grade1	problem	next after 12	13
math	grade1	fact	before twelve	eleven
math	grade1	fact	number 13	thirteen
math	grade1	fact	count word thirteen	13
math	grade1	fact	after thirteen	fourteen
math	grade1	problem	next after 13	14
math	grade1	fact	before thirteen	twelve
math	grade1	fact	number 14	fourteen
math	grade1	fact	count word fourteen	14
math	grade1	fact	after fourteen	fifteen
math	grade1	problem	next after 14	15
math	grade1	fact	before fourteen	thirteen
math	grade1	fact	number 15	fifteen
math	grade1	fact	count word fifteen	15
math	grade1	fact	after fifteen	sixteen
math	grade1	problem	next after 15	16
math	grade1	fact	before fifteen	fourteen
math	grade1	fact	number 16	sixteen
math	grade1	fact	count word sixteen	16
math	grade1	fact	after sixteen	seventeen
math	grade1	problem	next after 16	17
math	grade1	fact	before sixteen	fifteen
math	grade1	fact	number 17	seventeen
math	grade1	fact	count word seventeen	17
math	grade1	fact	after seventeen	eighteen
math	grade1	problem	next after 17	18
math	grade1	fact	before seventeen	sixteen
math	grade1	fact	number 18	eighteen
math	grade1	fact	count word eighteen	18
math	grade1	fact	after eighteen	nineteen
math	grade1	problem	next after 18	19
math	grade1	fact	before eighteen	seventeen
math	grade1	fact	number 19	nineteen
math	grade1	fact	count word nineteen	19
math	grade1	fact	after nineteen	twenty
math	grade1	problem	next after 19	20
math	grade1	fact	before nineteen	eighteen
math	grade1	fact	number 20	twenty
math	grade1	fact	count word twenty	20
math	grade1	fact	before twenty	nineteen
math	preschool	fact	0 plus 0	zero
math	preschool	fact	zero and zero	zero
math	preschool	problem	0+0	0
math	preschool	problem	0 plus 0 word	zero
math	preschool	fact	0 plus 1	one
math	preschool	fact	zero and one	one
math	preschool	problem	0+1	1
math	preschool	problem	0 plus 1 word	one
math	preschool	fact	0 plus 2	two
math	preschool	fact	zero and two	two
math	preschool	problem	0+2	2
math	preschool	problem	0 plus 2 word	two
math	preschool	fact	0 plus 3	three
math	preschool	fact	zero and three	three
math	preschool	problem	0+3	3
math	preschool	problem	0 plus 3 word	three
math	kindergarten	fact	0 plus 4	four
math	kindergarten	fact	zero and four	four
math	kindergarten	problem	0+4	4
math	kindergarten	problem	0 plus 4 word	four
math	kindergarten	fact	0 plus 5	five
math	kindergarten	fact	zero and five	five
math	kindergarten	problem	0+5	5
math	kindergarten	problem	0 plus 5 word	five
math	kindergarten	fact	0 plus 6	six
math	kindergarten	fact	zero and six	six
math	kindergarten	problem	0+6	6
math	kindergarten	problem	0 plus 6 word	six
math	kindergarten	fact	0 plus 7	seven
math	kindergarten	fact	zero and seven	seven
math	kindergarten	problem	0+7	7
math	kindergarten	problem	0 plus 7 word	seven
math	kindergarten	fact	0 plus 8	eight
math	kindergarten	fact	zero and eight	eight
math	kindergarten	problem	0+8	8
math	kindergarten	problem	0 plus 8 word	eight
math	kindergarten	fact	0 plus 9	nine
math	kindergarten	fact	zero and nine	nine
math	kindergarten	problem	0+9	9
math	kindergarten	problem	0 plus 9 word	nine
math	kindergarten	fact	0 plus 10	ten
math	kindergarten	fact	zero and ten	ten
math	kindergarten	problem	0+10	10
math	kindergarten	problem	0 plus 10 word	ten
math	preschool	fact	1 plus 0	one
math	preschool	fact	one and zero	one
math	preschool	problem	1+0	1
math	preschool	problem	1 plus 0 word	one
math	preschool	fact	1 plus 1	two
math	preschool	fact	one and one	two
math	preschool	problem	1+1	2
math	preschool	problem	1 plus 1 word	two
math	preschool	fact	1 plus 2	three
math	preschool	fact	one and two	three
math	preschool	problem	1+2	3
math	preschool	problem	1 plus 2 word	three
math	preschool	fact	1 plus 3	four
math	preschool	fact	one and three	four
math	preschool	problem	1+3	4
math	preschool	problem	1 plus 3 word	four
math	kindergarten	fact	1 plus 4	five
math	kindergarten	fact	one and four	five
math	kindergarten	problem	1+4	5
math	kindergarten	problem	1 plus 4 word	five
math	kindergarten	fact	1 plus 5	six
math	kindergarten	fact	one and five	six
math	kindergarten	problem	1+5	6
math	kindergarten	problem	1 plus 5 word	six
math	kindergarten	fact	1 plus 6	seven
math	kindergarten	fact	one and six	seven
math	kindergarten	problem	1+6	7
math	kindergarten	problem	1 plus 6 word	seven
math	kindergarten	fact	1 plus 7	eight
math	kindergarten	fact	one and seven	eight
math	kindergarten	problem	1+7	8
math	kindergarten	problem	1 plus 7 word	eight
math	kindergarten	fact	1 plus 8	nine
math	kindergarten	fact	one and eight	nine
math	kindergarten	problem	1+8	9
math	kindergarten	problem	1 plus 8 word	nine
math	kindergarten	fact	1 plus 9	ten
math	kindergarten	fact	one and nine	ten
math	kindergarten	problem	1+9	10
math	kindergarten	problem	1 plus 9 word	ten
math	grade1	fact	1 plus 10	eleven
math	grade1	fact	one and ten	eleven
math	grade1	problem	1+10	11
math	preschool	fact	2 plus 0	two
math	preschool	fact	two and zero	two
math	preschool	problem	2+0	2
math	preschool	problem	2 plus 0 word	two
math	preschool	fact	2 plus 1	three
math	preschool	fact	two and one	three
math	preschool	problem	2+1	3
math	preschool	problem	2 plus 1 word	three
math	preschool	fact	2 plus 2	four
math	preschool	fact	two and two	four
math	preschool	problem	2+2	4
math	preschool	problem	2 plus 2 word	four
math	preschool	fact	2 plus 3	five
math	preschool	fact	two and three	five
math	preschool	problem	2+3	5
math	preschool	problem	2 plus 3 word	five
math	kindergarten	fact	2 plus 4	six
math	kindergarten	fact	two and four	six
math	kindergarten	problem	2+4	6
math	kindergarten	problem	2 plus 4 word	six
math	kindergarten	fact	2 plus 5	seven
math	kindergarten	fact	two and five	seven
math	kindergarten	problem	2+5	7
math	kindergarten	problem	2 plus 5 word	seven
math	kindergarten	fact	2 plus 6	eight
math	kindergarten	fact	two and six	eight
math	kindergarten	problem	2+6	8
math	kindergarten	problem	2 plus 6 word	eight
math	kindergarten	fact	2 plus 7	nine
math	kindergarten	fact	two and seven	nine
math	kindergarten	problem	2+7	9
math	kindergarten	problem	2 plus 7 word	nine
math	kindergarten	fact	2 plus 8	ten
math	kindergarten	fact	two and eight	ten
math	kindergarten	problem	2+8	10
math	kindergarten	problem	2 plus 8 word	ten
math	grade1	fact	2 plus 9	eleven
math	grade1	fact	two and nine	eleven
math	grade1	problem	2+9	11
math	grade1	fact	2 plus 10	twelve
math	grade1	fact	two and ten	twelve
math	grade1	problem	2+10	12
math	preschool	fact	3 plus 0	three
math	preschool	fact	three and zero	three
math	preschool	problem	3+0	3
math	preschool	problem	3 plus 0 word	three
math	preschool	fact	3 plus 1	four
math	preschool	fact	three and one	four
math	preschool	problem	3+1	4
math	preschool	problem	3 plus 1 word	four
math	preschool	fact	3 plus 2	five
math	preschool	fact	three and two	five
math	preschool	problem	3+2	5
math	preschool	problem	3 plus 2 word	five
math	kindergarten	fact	3 plus 3	six
math	kindergarten	fact	three and three	six
math	kindergarten	problem	3+3	6
math	kindergarten	problem	3 plus 3 word	six
math	kindergarten	fact	3 plus 4	seven
math	kindergarten	fact	three and four	seven
math	kindergarten	problem	3+4	7
math	kindergarten	problem	3 plus 4 word	seven
math	kindergarten	fact	3 plus 5	eight
math	kindergarten	fact	three and five	eight
math	kindergarten	problem	3+5	8
math	kindergarten	problem	3 plus 5 word	eight
math	kindergarten	fact	3 plus 6	nine
math	kindergarten	fact	three and six	nine
math	kindergarten	problem	3+6	9
math	kindergarten	problem	3 plus 6 word	nine
math	kindergarten	fact	3 plus 7	ten
math	kindergarten	fact	three and seven	ten
math	kindergarten	problem	3+7	10
math	kindergarten	problem	3 plus 7 word	ten
math	grade1	fact	3 plus 8	eleven
math	grade1	fact	three and eight	eleven
math	grade1	problem	3+8	11
math	grade1	fact	3 plus 9	twelve
math	grade1	fact	three and nine	twelve
math	grade1	problem	3+9	12
math	grade1	fact	3 plus 10	thirteen
math	grade1	fact	three and ten	thirteen
math	grade1	problem	3+10	13
math	kindergarten	fact	4 plus 0	four
math	kindergarten	fact	four and zero	four
math	kindergarten	problem	4+0	4
math	kindergarten	problem	4 plus 0 word	four
math	kindergarten	fact	4 plus 1	five
math	kindergarten	fact	four and one	five
math	kindergarten	problem	4+1	5
math	kindergarten	problem	4 plus 1 word	five
math	kindergarten	fact	4 plus 2	six
math	kindergarten	fact	four and two	six
math	kindergarten	problem	4+2	6
math	kindergarten	problem	4 plus 2 word	six
math	kindergarten	fact	4 plus 3	seven
math	kindergarten	fact	four and three	seven
math	kindergarten	problem	4+3	7
math	kindergarten	problem	4 plus 3 word	seven
math	kindergarten	fact	4 plus 4	eight
math	kindergarten	fact	four and four	eight
math	kindergarten	problem	4+4	8
math	kindergarten	problem	4 plus 4 word	eight
math	kindergarten	fact	4 plus 5	nine
math	kindergarten	fact	four and five	nine
math	kindergarten	problem	4+5	9
math	kindergarten	problem	4 plus 5 word	nine
math	kindergarten	fact	4 plus 6	ten
math	kindergarten	fact	four and six	ten
math	kindergarten	problem	4+6	10
math	kindergarten	problem	4 plus 6 word	ten
math	grade1	fact	4 plus 7	eleven
math	grade1	fact	four and seven	eleven
math	grade1	problem	4+7	11
math	grade1	fact	4 plus 8	twelve
math	grade1	fact	four and eight	twelve
math	grade1	problem	4+8	12
math	grade1	fact	4 plus 9	thirteen
math	grade1	fact	four and nine	thirteen
math	grade1	problem	4+9	13
math	grade1	fact	4 plus 10	fourteen
math	grade1	fact	four and ten	fourteen
math	grade1	problem	4+10	14
math	kindergarten	fact	5 plus 0	five
math	kindergarten	fact	five and zero	five
math	kindergarten	problem	5+0	5
math	kindergarten	problem	5 plus 0 word	five
math	kindergarten	fact	5 plus 1	six
math	kindergarten	fact	five and one	six
math	kindergarten	problem	5+1	6
math	kindergarten	problem	5 plus 1 word	six
math	kindergarten	fact	5 plus 2	seven
math	kindergarten	fact	five and two	seven
math	kindergarten	problem	5+2	7
math	kindergarten	problem	5 plus 2 word	seven
math	kindergarten	fact	5 plus 3	eight
math	kindergarten	fact	five and three	eight
math	kindergarten	problem	5+3	8
math	kindergarten	problem	5 plus 3 word	eight
math	kindergarten	fact	5 plus 4	nine
math	kindergarten	fact	five and four	nine
math	kindergarten	problem	5+4	9
math	kindergarten	problem	5 plus 4 word	nine
math	kindergarten	fact	5 plus 5	ten
math	kindergarten	fact	five and five	ten
math	kindergarten	problem	5+5	10
math	kindergarten	problem	5 plus 5 word	ten
math	grade1	fact	5 plus 6	eleven
math	grade1	fact	five and six	eleven
math	grade1	problem	5+6	11
math	grade1	fact	5 plus 7	twelve
math	grade1	fact	five and seven	twelve
math	grade1	problem	5+7	12
math	grade1	fact	5 plus 8	thirteen
math	grade1	fact	five and eight	thirteen
math	grade1	problem	5+8	13
math	grade1	fact	5 plus 9	fourteen
math	grade1	fact	five and nine	fourteen
math	grade1	problem	5+9	14
math	grade1	fact	5 plus 10	fifteen
math	grade1	fact	five and ten	fifteen
math	grade1	problem	5+10	15
math	kindergarten	fact	6 plus 0	six
math	kindergarten	fact	six and zero	six
math	kindergarten	problem	6+0	6
math	kindergarten	problem	6 plus 0 word	six
math	kindergarten	fact	6 plus 1	seven
math	kindergarten	fact	six and one	seven
math	kindergarten	problem	6+1	7
math	kindergarten	problem	6 plus 1 word	seven
math	kindergarten	fact	6 plus 2	eight
math	kindergarten	fact	six and two	eight
math	kindergarten	problem	6+2	8
math	kindergarten	problem	6 plus 2 word	eight
math	kindergarten	fact	6 plus 3	nine
math	kindergarten	fact	six and three	nine
math	kindergarten	problem	6+3	9
math	kindergarten	problem	6 plus 3 word	nine
math	kindergarten	fact	6 plus 4	ten
math	kindergarten	fact	six and four	ten
math	kindergarten	problem	6+4	10
math	kindergarten	problem	6 plus 4 word	ten
math	grade1	fact	6 plus 5	eleven
math	grade1	fact	six and five	eleven
math	grade1	problem	6+5	11
math	grade1	fact	6 plus 6	twelve
math	grade1	fact	six and six	twelve
math	grade1	problem	6+6	12
math	grade1	fact	6 plus 7	thirteen
math	grade1	fact	six and seven	thirteen
math	grade1	problem	6+7	13
math	grade1	fact	6 plus 8	fourteen
math	grade1	fact	six and eight	fourteen
math	grade1	problem	6+8	14
math	grade1	fact	6 plus 9	fifteen
math	grade1	fact	six and nine	fifteen
math	grade1	problem	6+9	15
math	grade1	fact	6 plus 10	sixteen
math	grade1	fact	six and ten	sixteen
math	grade1	problem	6+10	16
math	kindergarten	fact	7 plus 0	seven
math	kindergarten	fact	seven and zero	seven
math	kindergarten	problem	7+0	7
math	kindergarten	problem	7 plus 0 word	seven
math	kindergarten	fact	7 plus 1	eight
math	kindergarten	fact	seven and one	eight
math	kindergarten	problem	7+1	8
math	kindergarten	problem	7 plus 1 word	eight
math	kindergarten	fact	7 plus 2	nine
math	kindergarten	fact	seven and two	nine
math	kindergarten	problem	7+2	9
math	kindergarten	problem	7 plus 2 word	nine
math	kindergarten	fact	7 plus 3	ten
math	kindergarten	fact	seven and three	ten
math	kindergarten	problem	7+3	10
math	kindergarten	problem	7 plus 3 word	ten
math	grade1	fact	7 plus 4	eleven
math	grade1	fact	seven and four	eleven
math	grade1	problem	7+4	11
math	grade1	fact	7 plus 5	twelve
math	grade1	fact	seven and five	twelve
math	grade1	problem	7+5	12
math	grade1	fact	7 plus 6	thirteen
math	grade1	fact	seven and six	thirteen
math	grade1	problem	7+6	13
math	grade1	fact	7 plus 7	fourteen
math	grade1	fact	seven and seven	fourteen
math	grade1	problem	7+7	14
math	grade1	fact	7 plus 8	fifteen
math	grade1	fact	seven and eight	fifteen
math	grade1	problem	7+8	15
math	grade1	fact	7 plus 9	sixteen
math	grade1	fact	seven and nine	sixteen
math	grade1	problem	7+9	16
math	grade1	fact	7 plus 10	seventeen
math	grade1	fact	seven and ten	seventeen
math	grade1	problem	7+10	17
math	kindergarten	fact	8 plus 0	eight
math	kindergarten	fact	eight and zero	eight
math	kindergarten	problem	8+0	8
math	kindergarten	problem	8 plus 0 word	eight
math	kindergarten	fact	8 plus 1	nine
math	kindergarten	fact	eight and one	nine
math	kindergarten	problem	8+1	9
math	kindergarten	problem	8 plus 1 word	nine
math	kindergarten	fact	8 plus 2	ten
math	kindergarten	fact	eight and two	ten
math	kindergarten	problem	8+2	10
math	kindergarten	problem	8 plus 2 word	ten
math	grade1	fact	8 plus 3	eleven
math	grade1	fact	eight and three	eleven
math	grade1	problem	8+3	11
math	grade1	fact	8 plus 4	twelve
math	grade1	fact	eight and four	twelve
math	grade1	problem	8+4	12
math	grade1	fact	8 plus 5	thirteen
math	grade1	fact	eight and five	thirteen
math	grade1	problem	8+5	13
math	grade1	fact	8 plus 6	fourteen
math	grade1	fact	eight and six	fourteen
math	grade1	problem	8+6	14
math	grade1	fact	8 plus 7	fifteen
math	grade1	fact	eight and seven	fifteen
math	grade1	problem	8+7	15
math	grade1	fact	8 plus 8	sixteen
math	grade1	fact	eight and eight	sixteen
math	grade1	problem	8+8	16
math	grade1	fact	8 plus 9	seventeen
math	grade1	fact	eight and nine	seventeen
math	grade1	problem	8+9	17
math	grade1	fact	8 plus 10	eighteen
math	grade1	fact	eight and ten	eighteen
math	grade1	problem	8+10	18
math	kindergarten	fact	9 plus 0	nine
math	kindergarten	fact	nine and zero	nine
math	kindergarten	problem	9+0	9
math	kindergarten	problem	9 plus 0 word	nine
math	kindergarten	fact	9 plus 1	ten
math	kindergarten	fact	nine and one	ten
math	kindergarten	problem	9+1	10
math	kindergarten	problem	9 plus 1 word	ten
math	grade1	fact	9 plus 2	eleven
math	grade1	fact	nine and two	eleven
math	grade1	problem	9+2	11
math	grade1	fact	9 plus 3	twelve
math	grade1	fact	nine and three	twelve
math	grade1	problem	9+3	12
math	grade1	fact	9 plus 4	thirteen
math	grade1	fact	nine and four	thirteen
math	grade1	problem	9+4	13
math	grade1	fact	9 plus 5	fourteen
math	grade1	fact	nine and five	fourteen
math	grade1	problem	9+5	14
math	grade1	fact	9 plus 6	fifteen
math	grade1	fact	nine and six	fifteen
math	grade1	problem	9+6	15
math	grade1	fact	9 plus 7	sixteen
math	grade1	fact	nine and seven	sixteen
math	grade1	problem	9+7	16
math	grade1	fact	9 plus 8	seventeen
math	grade1	fact	nine and eight	seventeen
math	grade1	problem	9+8	17
math	grade1	fact	9 plus 9	eighteen
math	grade1	fact	nine and nine	eighteen
math	grade1	problem	9+9	18
math	grade1	fact	9 plus 10	nineteen
math	grade1	fact	nine and ten	nineteen
math	grade1	problem	9+10	19
math	kindergarten	fact	10 plus 0	ten
math	kindergarten	fact	ten and zero	ten
math	kindergarten	problem	10+0	10
math	kindergarten	problem	10 plus 0 word	ten
math	grade1	fact	10 plus 1	eleven
math	grade1	fact	ten and one	eleven
math	grade1	problem	10+1	11
math	grade1	fact	10 plus 2	twelve
math	grade1	fact	ten and two	twelve
math	grade1	problem	10+2	12
math	grade1	fact	10 plus 3	thirteen
math	grade1	fact	ten and three	thirteen
math	grade1	problem	10+3	13
math	grade1	fact	10 plus 4	fourteen
math	grade1	fact	ten and four	fourteen
math	grade1	problem	10+4	14
math	grade1	fact	10 plus 5	fifteen
math	grade1	fact	ten and five	fifteen
math	grade1	problem	10+5	15
math	grade1	fact	10 plus 6	sixteen
math	grade1	fact	ten and six	sixteen
math	grade1	problem	10+6	16
math	grade1	fact	10 plus 7	seventeen
math	grade1	fact	ten and seven	seventeen
math	grade1	problem	10+7	17
math	grade1	fact	10 plus 8	eighteen
math	grade1	fact	ten and eight	eighteen
math	grade1	problem	10+8	18
math	grade1	fact	10 plus 9	nineteen
math	grade1	fact	ten and nine	nineteen
math	grade1	problem	10+9	19
math	grade1	fact	10 plus 10	twenty
math	grade1	fact	ten and ten	twenty
math	grade1	problem	10+10	20
math	preschool	fact	0 minus 0	zero
math	preschool	fact	zero take away zero	zero
math	preschool	problem	0-0	0
math	preschool	fact	1 minus 0	one
math	preschool	fact	one take away zero	one
math	preschool	problem	1-0	1
math	preschool	fact	1 minus 1	zero
math	preschool	fact	one take away one	zero
math	preschool	problem	1-1	0
math	preschool	fact	2 minus 0	two
math	preschool	fact	two take away zero	two
math	preschool	problem	2-0	2
math	preschool	fact	2 minus 1	one
math	preschool	fact	two take away one	one
math	preschool	problem	2-1	1
math	preschool	fact	2 minus 2	zero
math	preschool	fact	two take away two	zero
math	preschool	problem	2-2	0
math	preschool	fact	3 minus 0	three
math	preschool	fact	three take away zero	three
math	preschool	problem	3-0	3
math	preschool	fact	3 minus 1	two
math	preschool	fact	three take away one	two
math	preschool	problem	3-1	2
math	preschool	fact	3 minus 2	one
math	preschool	fact	three take away two	one
math	preschool	problem	3-2	1
math	preschool	fact	3 minus 3	zero
math	preschool	fact	three take away three	zero
math	preschool	problem	3-3	0
math	preschool	fact	4 minus 0	four
math	preschool	fact	four take away zero	four
math	preschool	problem	4-0	4
math	preschool	fact	4 minus 1	three
math	preschool	fact	four take away one	three
math	preschool	problem	4-1	3
math	preschool	fact	4 minus 2	two
math	preschool	fact	four take away two	two
math	preschool	problem	4-2	2
math	preschool	fact	4 minus 3	one
math	preschool	fact	four take away three	one
math	preschool	problem	4-3	1
math	preschool	fact	4 minus 4	zero
math	preschool	fact	four take away four	zero
math	preschool	problem	4-4	0
math	preschool	fact	5 minus 0	five
math	preschool	fact	five take away zero	five
math	preschool	problem	5-0	5
math	preschool	fact	5 minus 1	four
math	preschool	fact	five take away one	four
math	preschool	problem	5-1	4
math	preschool	fact	5 minus 2	three
math	preschool	fact	five take away two	three
math	preschool	problem	5-2	3
math	preschool	fact	5 minus 3	two
math	preschool	fact	five take away three	two
math	preschool	problem	5-3	2
math	preschool	fact	5 minus 4	one
math	preschool	fact	five take away four	one
math	preschool	problem	5-4	1
math	preschool	fact	5 minus 5	zero
math	preschool	fact	five take away five	zero
math	preschool	problem	5-5	0
math	kindergarten	fact	6 minus 0	six
math	kindergarten	fact	six take away zero	six
math	kindergarten	problem	6-0	6
math	kindergarten	fact	6 minus 1	five
math	kindergarten	fact	six take away one	five
math	kindergarten	problem	6-1	5
math	kindergarten	fact	6 minus 2	four
math	kindergarten	fact	six take away two	four
math	kindergarten	problem	6-2	4
math	kindergarten	fact	6 minus 3	three
math	kindergarten	fact	six take away three	three
math	kindergarten	problem	6-3	3
math	kindergarten	fact	6 minus 4	two
math	kindergarten	fact	six take away four	two
math	kindergarten	problem	6-4	2
math	kindergarten	fact	6 minus 5	one
math	kindergarten	fact	six take away five	one
math	kindergarten	problem	6-5	1
math	kindergarten	fact	6 minus 6	zero
math	kindergarten	fact	six take away six	zero
math	kindergarten	problem	6-6	0
math	kindergarten	fact	7 minus 0	seven
math	kindergarten	fact	seven take away zero	seven
math	kindergarten	problem	7-0	7
math	kindergarten	fact	7 minus 1	six
math	kindergarten	fact	seven take away one	six
math	kindergarten	problem	7-1	6
math	kindergarten	fact	7 minus 2	five
math	kindergarten	fact	seven take away two	five
math	kindergarten	problem	7-2	5
math	kindergarten	fact	7 minus 3	four
math	kindergarten	fact	seven take away three	four
math	kindergarten	problem	7-3	4
math	kindergarten	fact	7 minus 4	three
math	kindergarten	fact	seven take away four	three
math	kindergarten	problem	7-4	3
math	kindergarten	fact	7 minus 5	two
math	kindergarten	fact	seven take away five	two
math	kindergarten	problem	7-5	2
math	kindergarten	fact	7 minus 6	one
math	kindergarten	fact	seven take away six	one
math	kindergarten	problem	7-6	1
math	kindergarten	fact	7 minus 7	zero
math	kindergarten	fact	seven take away seven	zero
math	kindergarten	problem	7-7	0
math	kindergarten	fact	8 minus 0	eight
math	kindergarten	fact	eight take away zero	eight
math	kindergarten	problem	8-0	8
math	kindergarten	fact	8 minus 1	seven
math	kindergarten	fact	eight take away one	seven
math	kindergarten	problem	8-1	7
math	kindergarten	fact	8 minus 2	six
math	kindergarten	fact	eight take away two	six
math	kindergarten	problem	8-2	6
math	kindergarten	fact	8 minus 3	five
math	kindergarten	fact	eight take away three	five
math	kindergarten	problem	8-3	5
math	kindergarten	fact	8 minus 4	four
math	kindergarten	fact	eight take away four	four
math	kindergarten	problem	8-4	4
math	kindergarten	fact	8 minus 5	three
math	kindergarten	fact	eight take away five	three
math	kindergarten	problem	8-5	3
math	kindergarten	fact	8 minus 6	two
math	kindergarten	fact	eight take away six	two
math	kindergarten	problem	8-6	2
math	kindergarten	fact	8 minus 7	one
math	kindergarten	fact	eight take away seven	one
math	kindergarten	problem	8-7	1
math	kindergarten	fact	8 minus 8	zero
math	kindergarten	fact	eight take away eight	zero
math	kindergarten	problem	8-8	0
math	grade1	fact	9 minus 0	nine
math	grade1	fact	nine take away zero	nine
math	grade1	problem	9-0	9
math	grade1	fact	9 minus 1	eight
math	grade1	fact	nine take away one	eight
math	grade1	problem	9-1	8
math	grade1	fact	9 minus 2	seven
math	grade1	fact	nine take away two	seven
math	grade1	problem	9-2	7
math	grade1	fact	9 minus 3	six
math	grade1	fact	nine take away three	six
math	grade1	problem	9-3	6
math	grade1	fact	9 minus 4	five
math	grade1	fact	nine take away four	five
math	grade1	problem	9-4	5
math	grade1	fact	9 minus 5	four
math	grade1	fact	nine take away five	four
math	grade1	problem	9-5	4
math	grade1	fact	9 minus 6	three
math	grade1	fact	nine take away six	three
math	grade1	problem	9-6	3
math	grade1	fact	9 minus 7	two
math	grade1	fact	nine take away seven	two
math	grade1	problem	9-7	2
math	grade1	fact	9 minus 8	one
math	grade1	fact	nine take away eight	one
math	grade1	problem	9-8	1
math	grade1	fact	9 minus 9	zero
math	grade1	fact	nine take away nine	zero
math	grade1	problem	9-9	0
math	grade1	fact	10 minus 0	ten
math	grade1	fact	ten take away zero	ten
math	grade1	problem	10-0	10
math	grade1	fact	10 minus 1	nine
math	grade1	fact	ten take away one	nine
math	grade1	problem	10-1	9
math	grade1	fact	10 minus 2	eight
math	grade1	fact	ten take away two	eight
math	grade1	problem	10-2	8
math	grade1	fact	10 minus 3	seven
math	grade1	fact	ten take away three	seven
math	grade1	problem	10-3	7
math	grade1	fact	10 minus 4	six
math	grade1	fact	ten take away four	six
math	grade1	problem	10-4	6
math	grade1	fact	10 minus 5	five
math	grade1	fact	ten take away five	five
math	grade1	problem	10-5	5
math	grade1	fact	10 minus 6	four
math	grade1	fact	ten take away six	four
math	grade1	problem	10-6	4
math	grade1	fact	10 minus 7	three
math	grade1	fact	ten take away seven	three
math	grade1	problem	10-7	3
math	grade1	fact	10 minus 8	two
math	grade1	fact	ten take away eight	two
math	grade1	problem	10-8	2
math	grade1	fact	10 minus 9	one
math	grade1	fact	ten take away nine	one
math	grade1	problem	10-9	1
math	grade1	fact	10 minus 10	zero
math	grade1	fact	ten take away ten	zero
math	grade1	problem	10-10	0
math	kindergarten	fact	make ten with 0	ten
math	kindergarten	problem	0 and what make ten	ten
math	kindergarten	fact	make ten with 1	nine
math	kindergarten	problem	1 and what make ten	nine
math	kindergarten	fact	make ten with 2	eight
math	kindergarten	problem	2 and what make ten	eight
math	kindergarten	fact	make ten with 3	seven
math	kindergarten	problem	3 and what make ten	seven
math	kindergarten	fact	make ten with 4	six
math	kindergarten	problem	4 and what make ten	six
math	kindergarten	fact	make ten with 5	five
math	kindergarten	problem	5 and what make ten	five
math	grade1	fact	make ten with 6	four
math	grade1	problem	6 and what make ten	four
math	grade1	fact	make ten with 7	three
math	grade1	problem	7 and what make ten	three
math	grade1	fact	make ten with 8	two
math	grade1	problem	8 and what make ten	two
math	grade1	fact	make ten with 9	one
math	grade1	problem	9 and what make ten	one
math	grade1	fact	make ten with 10	zero
math	grade1	problem	10 and what make ten	zero
math	kindergarten	fact	bigger 0 or 1	one
math	kindergarten	fact	smaller 0 or 1	zero
math	kindergarten	fact	bigger 0 or 2	two
math	kindergarten	fact	smaller 0 or 2	zero
math	kindergarten	fact	bigger 0 or 3	three
math	kindergarten	fact	smaller 0 or 3	zero
math	kindergarten	fact	bigger 0 or 4	four
math	kindergarten	fact	smaller 0 or 4	zero
math	kindergarten	fact	bigger 0 or 5	five
math	kindergarten	fact	smaller 0 or 5	zero
math	grade1	fact	bigger 0 or 6	six
math	grade1	fact	smaller 0 or 6	zero
math	grade1	fact	bigger 0 or 7	seven
math	grade1	fact	smaller 0 or 7	zero
math	grade1	fact	bigger 0 or 8	eight
math	grade1	fact	smaller 0 or 8	zero
math	grade1	fact	bigger 0 or 9	nine
math	grade1	fact	smaller 0 or 9	zero
math	grade1	fact	bigger 0 or 10	ten
math	grade1	fact	smaller 0 or 10	zero
math	kindergarten	fact	bigger 1 or 0	one
math	kindergarten	fact	smaller 1 or 0	zero
math	kindergarten	fact	bigger 1 or 2	two
math	kindergarten	fact	smaller 1 or 2	one
math	kindergarten	fact	bigger 1 or 3	three
math	kindergarten	fact	smaller 1 or 3	one
math	kindergarten	fact	bigger 1 or 4	four
math	kindergarten	fact	smaller 1 or 4	one
math	kindergarten	fact	bigger 1 or 5	five
math	kindergarten	fact	smaller 1 or 5	one
math	grade1	fact	bigger 1 or 6	six
math	grade1	fact	smaller 1 or 6	one
math	grade1	fact	bigger 1 or 7	seven
math	grade1	fact	smaller 1 or 7	one
math	grade1	fact	bigger 1 or 8	eight
math	grade1	fact	smaller 1 or 8	one
math	grade1	fact	bigger 1 or 9	nine
math	grade1	fact	smaller 1 or 9	one
math	grade1	fact	bigger 1 or 10	ten
math	grade1	fact	smaller 1 or 10	one
math	kindergarten	fact	bigger 2 or 0	two
math	kindergarten	fact	smaller 2 or 0	zero
math	kindergarten	fact	bigger 2 or 1	two
math	kindergarten	fact	smaller 2 or 1	one
math	kindergarten	fact	bigger 2 or 3	three
math	kindergarten	fact	smaller 2 or 3	two
math	kindergarten	fact	bigger 2 or 4	four
math	kindergarten	fact	smaller 2 or 4	two
math	kindergarten	fact	bigger 2 or 5	five
math	kindergarten	fact	smaller 2 or 5	two
math	grade1	fact	bigger 2 or 6	six
math	grade1	fact	smaller 2 or 6	two
math	grade1	fact	bigger 2 or 7	seven
math	grade1	fact	smaller 2 or 7	two
math	grade1	fact	bigger 2 or 8	eight
math	grade1	fact	smaller 2 or 8	two
math	grade1	fact	bigger 2 or 9	nine
math	grade1	fact	smaller 2 or 9	two
math	grade1	fact	bigger 2 or 10	ten
math	grade1	fact	smaller 2 or 10	two
math	kindergarten	fact	bigger 3 or 0	three
math	kindergarten	fact	smaller 3 or 0	zero
math	kindergarten	fact	bigger 3 or 1	three
math	kindergarten	fact	smaller 3 or 1	one
math	kindergarten	fact	bigger 3 or 2	three
math	kindergarten	fact	smaller 3 or 2	two
math	kindergarten	fact	bigger 3 or 4	four
math	kindergarten	fact	smaller 3 or 4	three
math	kindergarten	fact	bigger 3 or 5	five
math	kindergarten	fact	smaller 3 or 5	three
math	grade1	fact	bigger 3 or 6	six
math	grade1	fact	smaller 3 or 6	three
math	grade1	fact	bigger 3 or 7	seven
math	grade1	fact	smaller 3 or 7	three
math	grade1	fact	bigger 3 or 8	eight
math	grade1	fact	smaller 3 or 8	three
math	grade1	fact	bigger 3 or 9	nine
math	grade1	fact	smaller 3 or 9	three
math	grade1	fact	bigger 3 or 10	ten
math	grade1	fact	smaller 3 or 10	three
math	kindergarten	fact	bigger 4 or 0	four
math	kindergarten	fact	smaller 4 or 0	zero
math	kindergarten	fact	bigger 4 or 1	four
math	kindergarten	fact	smaller 4 or 1	one
math	kindergarten	fact	bigger 4 or 2	four
math	kindergarten	fact	smaller 4 or 2	two
math	kindergarten	fact	bigger 4 or 3	four
math	kindergarten	fact	smaller 4 or 3	three
math	kindergarten	fact	bigger 4 or 5	five
math	kindergarten	fact	smaller 4 or 5	four
math	grade1	fact	bigger 4 or 6	six
math	grade1	fact	smaller 4 or 6	four
math	grade1	fact	bigger 4 or 7	seven
math	grade1	fact	smaller 4 or 7	four
math	grade1	fact	bigger 4 or 8	eight
math	grade1	fact	smaller 4 or 8	four
math	grade1	fact	bigger 4 or 9	nine
math	grade1	fact	smaller 4 or 9	four
math	grade1	fact	bigger 4 or 10	ten
math	grade1	fact	smaller 4 or 10	four
math	kindergarten	fact	bigger 5 or 0	five
math	kindergarten	fact	smaller 5 or 0	zero
math	kindergarten	fact	bigger 5 or 1	five
math	kindergarten	fact	smaller 5 or 1	one
math	kindergarten	fact	bigger 5 or 2	five
math	kindergarten	fact	smaller 5 or 2	two
math	kindergarten	fact	bigger 5 or 3	five
math	kindergarten	fact	smaller 5 or 3	three
math	kindergarten	fact	bigger 5 or 4	five
math	kindergarten	fact	smaller 5 or 4	four
math	grade1	fact	bigger 5 or 6	six
math	grade1	fact	smaller 5 or 6	five
math	grade1	fact	bigger 5 or 7	seven
math	grade1	fact	smaller 5 or 7	five
math	grade1	fact	bigger 5 or 8	eight
math	grade1	fact	smaller 5 or 8	five
math	grade1	fact	bigger 5 or 9	nine
math	grade1	fact	smaller 5 or 9	five
math	grade1	fact	bigger 5 or 10	ten
math	grade1	fact	smaller 5 or 10	five
math	grade1	fact	bigger 6 or 0	six
math	grade1	fact	smaller 6 or 0	zero
math	grade1	fact	bigger 6 or 1	six
math	grade1	fact	smaller 6 or 1	one
math	grade1	fact	bigger 6 or 2	six
math	grade1	fact	smaller 6 or 2	two
math	grade1	fact	bigger 6 or 3	six
math	grade1	fact	smaller 6 or 3	three
math	grade1	fact	bigger 6 or 4	six
math	grade1	fact	smaller 6 or 4	four
math	grade1	fact	bigger 6 or 5	six
math	grade1	fact	smaller 6 or 5	five
math	grade1	fact	bigger 6 or 7	seven
math	grade1	fact	smaller 6 or 7	six
math	grade1	fact	bigger 6 or 8	eight
math	grade1	fact	smaller 6 or 8	six
math	grade1	fact	bigger 6 or 9	nine
math	grade1	fact	smaller 6 or 9	six
math	grade1	fact	bigger 6 or 10	ten
math	grade1	fact	smaller 6 or 10	six
math	grade1	fact	bigger 7 or 0	seven
math	grade1	fact	smaller 7 or 0	zero
math	grade1	fact	bigger 7 or 1	seven
math	grade1	fact	smaller 7 or 1	one
math	grade1	fact	bigger 7 or 2	seven
math	grade1	fact	smaller 7 or 2	two
math	grade1	fact	bigger 7 or 3	seven
math	grade1	fact	smaller 7 or 3	three
math	grade1	fact	bigger 7 or 4	seven
math	grade1	fact	smaller 7 or 4	four
math	grade1	fact	bigger 7 or 5	seven
math	grade1	fact	smaller 7 or 5	five
math	grade1	fact	bigger 7 or 6	seven
math	grade1	fact	smaller 7 or 6	six
math	grade1	fact	bigger 7 or 8	eight
math	grade1	fact	smaller 7 or 8	seven
math	grade1	fact	bigger 7 or 9	nine
math	grade1	fact	smaller 7 or 9	seven
math	grade1	fact	bigger 7 or 10	ten
math	grade1	fact	smaller 7 or 10	seven
math	grade1	fact	bigger 8 or 0	eight
math	grade1	fact	smaller 8 or 0	zero
math	grade1	fact	bigger 8 or 1	eight
math	grade1	fact	smaller 8 or 1	one
math	grade1	fact	bigger 8 or 2	eight
math	grade1	fact	smaller 8 or 2	two
math	grade1	fact	bigger 8 or 3	eight
math	grade1	fact	smaller 8 or 3	three
math	grade1	fact	bigger 8 or 4	eight
math	grade1	fact	smaller 8 or 4	four
math	grade1	fact	bigger 8 or 5	eight
math	grade1	fact	smaller 8 or 5	five
math	grade1	fact	bigger 8 or 6	eight
math	grade1	fact	smaller 8 or 6	six
math	grade1	fact	bigger 8 or 7	eight
math	grade1	fact	smaller 8 or 7	seven
math	grade1	fact	bigger 8 or 9	nine
math	grade1	fact	smaller 8 or 9	eight
math	grade1	fact	bigger 8 or 10	ten
math	grade1	fact	smaller 8 or 10	eight
math	grade1	fact	bigger 9 or 0	nine
math	grade1	fact	smaller 9 or 0	zero
math	grade1	fact	bigger 9 or 1	nine
math	grade1	fact	smaller 9 or 1	one
math	grade1	fact	bigger 9 or 2	nine
math	grade1	fact	smaller 9 or 2	two
math	grade1	fact	bigger 9 or 3	nine
math	grade1	fact	smaller 9 or 3	three
math	grade1	fact	bigger 9 or 4	nine
math	grade1	fact	smaller 9 or 4	four
math	grade1	fact	bigger 9 or 5	nine
math	grade1	fact	smaller 9 or 5	five
math	grade1	fact	bigger 9 or 6	nine
math	grade1	fact	smaller 9 or 6	six
math	grade1	fact	bigger 9 or 7	nine
math	grade1	fact	smaller 9 or 7	seven
math	grade1	fact	bigger 9 or 8	nine
math	grade1	fact	smaller 9 or 8	eight
math	grade1	fact	bigger 9 or 10	ten
math	grade1	fact	smaller 9 or 10	nine
math	grade1	fact	bigger 10 or 0	ten
math	grade1	fact	smaller 10 or 0	zero
math	grade1	fact	bigger 10 or 1	ten
math	grade1	fact	smaller 10 or 1	one
math	grade1	fact	bigger 10 or 2	ten
math	grade1	fact	smaller 10 or 2	two
math	grade1	fact	bigger 10 or 3	ten
math	grade1	fact	smaller 10 or 3	three
math	grade1	fact	bigger 10 or 4	ten
math	grade1	fact	smaller 10 or 4	four
math	grade1	fact	bigger 10 or 5	ten
math	grade1	fact	smaller 10 or 5	five
math	grade1	fact	bigger 10 or 6	ten
math	grade1	fact	smaller 10 or 6	six
math	grade1	fact	bigger 10 or 7	ten
math	grade1	fact	smaller 10 or 7	seven
math	grade1	fact	bigger 10 or 8	ten
math	grade1	fact	smaller 10 or 8	eight
math	grade1	fact	bigger 10 or 9	ten
math	grade1	fact	smaller 10 or 9	nine
math	grade1	fact	add means	together
math	grade1	fact	subtract means	take
math	kindergarten	fact	two and one	three
math	grade1	fact	two and three	five
math	grade1	fact	five and five	ten
math	preschool	problem	one and one	two
math	kindergarten	problem	two and one	three
math	grade1	problem	3 plus 2	five
math	grade1	problem	two and three	five
literacy	preschool	fact	letter starts apple	a
literacy	preschool	fact	what starts apple	a
literacy	preschool	fact	sound of a	ah
literacy	preschool	fact	letter starts ball	b
literacy	preschool	fact	what starts ball	b
literacy	preschool	fact	sound of b	buh
literacy	preschool	fact	letter starts cat	c
literacy	preschool	fact	what starts cat	c
literacy	preschool	fact	sound of c	kuh
literacy	preschool	fact	letter starts dog	d
literacy	preschool	fact	what starts dog	d
literacy	preschool	fact	sound of d	duh
literacy	preschool	fact	letter starts egg	e
literacy	preschool	fact	what starts egg	e
literacy	preschool	fact	sound of e	eh
literacy	preschool	fact	letter starts fish	f
literacy	preschool	fact	what starts fish	f
literacy	preschool	fact	sound of f	fuh
literacy	preschool	fact	letter starts goat	g
literacy	preschool	fact	what starts goat	g
literacy	preschool	fact	sound of g	guh
literacy	preschool	fact	letter starts hat	h
literacy	preschool	fact	what starts hat	h
literacy	preschool	fact	sound of h	huh
literacy	preschool	fact	letter starts igloo	i
literacy	preschool	fact	what starts igloo	i
literacy	preschool	fact	sound of i	ih
literacy	preschool	fact	letter starts jam	j
literacy	preschool	fact	what starts jam	j
literacy	preschool	fact	sound of j	juh
literacy	preschool	fact	letter starts kite	k
literacy	preschool	fact	what starts kite	k
literacy	preschool	fact	sound of k	kuh
literacy	preschool	fact	letter starts leaf	l
literacy	preschool	fact	what starts leaf	l
literacy	preschool	fact	sound of l	luh
literacy	preschool	fact	letter starts moon	m
literacy	preschool	fact	what starts moon	m
literacy	preschool	fact	sound of m	muh
literacy	kindergarten	fact	letter starts nest	n
literacy	kindergarten	fact	what starts nest	n
literacy	kindergarten	fact	sound of n	nuh
literacy	kindergarten	fact	letter starts octopus	o
literacy	kindergarten	fact	what starts octopus	o
literacy	kindergarten	fact	sound of o	ah
literacy	kindergarten	fact	letter starts pig	p
literacy	kindergarten	fact	what starts pig	p
literacy	kindergarten	fact	sound of p	puh
literacy	kindergarten	fact	letter starts queen	q
literacy	kindergarten	fact	what starts queen	q
literacy	kindergarten	fact	sound of q	kwuh
literacy	kindergarten	fact	letter starts rain	r
literacy	kindergarten	fact	what starts rain	r
literacy	kindergarten	fact	sound of r	ruh
literacy	kindergarten	fact	letter starts sun	s
literacy	kindergarten	fact	what starts sun	s
literacy	kindergarten	fact	sound of s	sss
literacy	kindergarten	fact	letter starts tree	t
literacy	kindergarten	fact	what starts tree	t
literacy	kindergarten	fact	sound of t	tuh
literacy	kindergarten	fact	letter starts umbrella	u
literacy	kindergarten	fact	what starts umbrella	u
literacy	kindergarten	fact	sound of u	uh
literacy	kindergarten	fact	letter starts van	v
literacy	kindergarten	fact	what starts van	v
literacy	kindergarten	fact	sound of v	vuh
literacy	kindergarten	fact	letter starts water	w
literacy	kindergarten	fact	what starts water	w
literacy	kindergarten	fact	sound of w	wuh
literacy	kindergarten	fact	letter starts xray	x
literacy	kindergarten	fact	what starts xray	x
literacy	kindergarten	fact	sound of x	ks
literacy	kindergarten	fact	letter starts yarn	y
literacy	kindergarten	fact	what starts yarn	y
literacy	kindergarten	fact	sound of y	yuh
literacy	kindergarten	fact	letter starts zoo	z
literacy	kindergarten	fact	what starts zoo	z
literacy	kindergarten	fact	sound of z	zzz
literacy	preschool	fact	sight word a	a
literacy	preschool	fact	read a	a
literacy	preschool	fact	sight word and	and
literacy	preschool	fact	read and	and
literacy	preschool	fact	sight word away	away
literacy	preschool	fact	read away	away
literacy	preschool	fact	sight word big	big
literacy	preschool	fact	read big	big
literacy	preschool	fact	sight word blue	blue
literacy	preschool	fact	read blue	blue
literacy	preschool	fact	sight word can	can
literacy	preschool	fact	read can	can
literacy	preschool	fact	sight word come	come
literacy	preschool	fact	read come	come
literacy	preschool	fact	sight word down	down
literacy	preschool	fact	read down	down
literacy	preschool	fact	sight word find	find
literacy	preschool	fact	read find	find
literacy	preschool	fact	sight word for	for
literacy	preschool	fact	read for	for
literacy	preschool	fact	sight word funny	funny
literacy	preschool	fact	read funny	funny
literacy	preschool	fact	sight word go	go
literacy	preschool	fact	read go	go
literacy	preschool	fact	sight word help	help
literacy	preschool	fact	read help	help
literacy	preschool	fact	sight word here	here
literacy	preschool	fact	read here	here
literacy	preschool	fact	sight word i	i
literacy	preschool	fact	read i	i
literacy	preschool	fact	sight word in	in
literacy	preschool	fact	read in	in
literacy	preschool	fact	sight word is	is
literacy	preschool	fact	read is	is
literacy	preschool	fact	sight word it	it
literacy	preschool	fact	read it	it
literacy	preschool	fact	sight word jump	jump
literacy	preschool	fact	read jump	jump
literacy	preschool	fact	sight word little	little
literacy	preschool	fact	read little	little
literacy	preschool	fact	sight word look	look
literacy	preschool	fact	read look	look
literacy	preschool	fact	sight word make	make
literacy	preschool	fact	read make	make
literacy	preschool	fact	sight word me	me
literacy	preschool	fact	read me	me
literacy	preschool	fact	sight word my	my
literacy	preschool	fact	read my	my
literacy	preschool	fact	sight word not	not
literacy	preschool	fact	read not	not
literacy	preschool	fact	sight word one	one
literacy	preschool	fact	read one	one
literacy	preschool	fact	sight word play	play
literacy	preschool	fact	read play	play
literacy	preschool	fact	sight word red	red
literacy	preschool	fact	read red	red
literacy	preschool	fact	sight word run	run
literacy	preschool	fact	read run	run
literacy	preschool	fact	sight word said	said
literacy	preschool	fact	read said	said
literacy	preschool	fact	sight word see	see
literacy	preschool	fact	read see	see
literacy	preschool	fact	sight word the	the
literacy	preschool	fact	read the	the
literacy	preschool	fact	sight word three	three
literacy	preschool	fact	read three	three
literacy	preschool	fact	sight word to	to
literacy	preschool	fact	read to	to
literacy	preschool	fact	sight word two	two
literacy	preschool	fact	read two	two
literacy	preschool	fact	sight word up	up
literacy	preschool	fact	read up	up
literacy	preschool	fact	sight word we	we
literacy	preschool	fact	read we	we
literacy	preschool	fact	sight word where	where
literacy	preschool	fact	read where	where
literacy	preschool	fact	sight word yellow	yellow
literacy	preschool	fact	read yellow	yellow
literacy	preschool	fact	sight word you	you
literacy	preschool	fact	read you	you
literacy	kindergarten	fact	sight word all	all
literacy	kindergarten	fact	read all	all
literacy	kindergarten	fact	sight word am	am
literacy	kindergarten	fact	read am	am
literacy	kindergarten	fact	sight word are	are
literacy	kindergarten	fact	read are	are
literacy	kindergarten	fact	sight word at	at
literacy	kindergarten	fact	read at	at
literacy	kindergarten	fact	sight word ate	ate
literacy	kindergarten	fact	read ate	ate
literacy	kindergarten	fact	sight word be	be
literacy	kindergarten	fact	read be	be
literacy	kindergarten	fact	sight word black	black
literacy	kindergarten	fact	read black	black
literacy	kindergarten	fact	sight word brown	brown
literacy	kindergarten	fact	read brown	brown
literacy	kindergarten	fact	sight word but	but
literacy	kindergarten	fact	read but	but
literacy	kindergarten	fact	sight word came	came
literacy	kindergarten	fact	read came	came
literacy	kindergarten	fact	sight word did	did
literacy	kindergarten	fact	read did	did
literacy	kindergarten	fact	sight word do	do
literacy	kindergarten	fact	read do	do
literacy	kindergarten	fact	sight word eat	eat
literacy	kindergarten	fact	read eat	eat
literacy	kindergarten	fact	sight word four	four
literacy	kindergarten	fact	read four	four
literacy	kindergarten	fact	sight word get	get
literacy	kindergarten	fact	read get	get
literacy	kindergarten	fact	sight word good	good
literacy	kindergarten	fact	read good	good
literacy	kindergarten	fact	sight word have	have
literacy	kindergarten	fact	read have	have
literacy	kindergarten	fact	sight word he	he
literacy	kindergarten	fact	read he	he
literacy	kindergarten	fact	sight word into	into
literacy	kindergarten	fact	read into	into
literacy	kindergarten	fact	sight word like	like
literacy	kindergarten	fact	read like	like
literacy	kindergarten	fact	sight word must	must
literacy	kindergarten	fact	read must	must
literacy	kindergarten	fact	sight word new	new
literacy	kindergarten	fact	read new	new
literacy	kindergarten	fact	sight word no	no
literacy	kindergarten	fact	read no	no
literacy	kindergarten	fact	sight word now	now
literacy	kindergarten	fact	read now	now
literacy	kindergarten	fact	sight word on	on
literacy	kindergarten	fact	read on	on
literacy	kindergarten	fact	sight word our	our
literacy	kindergarten	fact	read our	our
literacy	kindergarten	fact	sight word out	out
literacy	kindergarten	fact	read out	out
literacy	kindergarten	fact	sight word please	please
literacy	kindergarten	fact	read please	please
literacy	kindergarten	fact	sight word pretty	pretty
literacy	kindergarten	fact	read pretty	pretty
literacy	kindergarten	fact	sight word ran	ran
literacy	kindergarten	fact	read ran	ran
literacy	kindergarten	fact	sight word ride	ride
literacy	kindergarten	fact	read ride	ride
literacy	kindergarten	fact	sight word saw	saw
literacy	kindergarten	fact	read saw	saw
literacy	kindergarten	fact	sight word say	say
literacy	kindergarten	fact	read say	say
literacy	kindergarten	fact	sight word she	she
literacy	kindergarten	fact	read she	she
literacy	kindergarten	fact	sight word so	so
literacy	kindergarten	fact	read so	so
literacy	kindergarten	fact	sight word soon	soon
literacy	kindergarten	fact	read soon	soon
literacy	kindergarten	fact	sight word that	that
literacy	kindergarten	fact	read that	that
literacy	kindergarten	fact	sight word there	there
literacy	kindergarten	fact	read there	there
literacy	kindergarten	fact	sight word they	they
literacy	kindergarten	fact	read they	they
literacy	kindergarten	fact	sight word this	this
literacy	kindergarten	fact	read this	this
literacy	kindergarten	fact	sight word too	too
literacy	kindergarten	fact	read too	too
literacy	kindergarten	fact	sight word under	under
literacy	kindergarten	fact	read under	under
literacy	kindergarten	fact	sight word want	want
literacy	kindergarten	fact	read want	want
literacy	kindergarten	fact	sight word was	was
literacy	kindergarten	fact	read was	was
literacy	kindergarten	fact	sight word well	well
literacy	kindergarten	fact	read well	well
literacy	kindergarten	fact	sight word went	went
literacy	kindergarten	fact	read went	went
literacy	kindergarten	fact	sight word what	what
literacy	kindergarten	fact	read what	what
literacy	kindergarten	fact	sight word white	white
literacy	kindergarten	fact	read white	white
literacy	kindergarten	fact	sight word who	who
literacy	kindergarten	fact	read who	who
literacy	kindergarten	fact	sight word will	will
literacy	kindergarten	fact	read will	will
literacy	kindergarten	fact	sight word with	with
literacy	kindergarten	fact	read with	with
literacy	kindergarten	fact	sight word yes	yes
literacy	kindergarten	fact	read yes	yes
literacy	grade1	fact	sight word after	after
literacy	grade1	fact	read after	after
literacy	grade1	fact	sight word again	again
literacy	grade1	fact	read again	again
literacy	grade1	fact	sight word an	an
literacy	grade1	fact	read an	an
literacy	grade1	fact	sight word any	any
literacy	grade1	fact	read any	any
literacy	grade1	fact	sight word as	as
literacy	grade1	fact	read as	as
literacy	grade1	fact	sight word ask	ask
literacy	grade1	fact	read ask	ask
literacy	grade1	fact	sight word by	by
literacy	grade1	fact	read by	by
literacy	grade1	fact	sight word could	could
literacy	grade1	fact	read could	could
literacy	grade1	fact	sight word every	every
literacy	grade1	fact	read every	every
literacy	grade1	fact	sight word fly	fly
literacy	grade1	fact	read fly	fly
literacy	grade1	fact	sight word from	from
literacy	grade1	fact	read from	from
literacy	grade1	fact	sight word give	give
literacy	grade1	fact	read give	give
literacy	grade1	fact	sight word giving	giving
literacy	grade1	fact	read giving	giving
literacy	grade1	fact	sight word had	had
literacy	grade1	fact	read had	had
literacy	grade1	fact	sight word has	has
literacy	grade1	fact	read has	has
literacy	grade1	fact	sight word her	her
literacy	grade1	fact	read her	her
literacy	grade1	fact	sight word him	him
literacy	grade1	fact	read him	him
literacy	grade1	fact	sight word his	his
literacy	grade1	fact	read his	his
literacy	grade1	fact	sight word how	how
literacy	grade1	fact	read how	how
literacy	grade1	fact	sight word just	just
literacy	grade1	fact	read just	just
literacy	grade1	fact	sight word know	know
literacy	grade1	fact	read know	know
literacy	grade1	fact	sight word let	let
literacy	grade1	fact	read let	let
literacy	grade1	fact	sight word live	live
literacy	grade1	fact	read live	live
literacy	grade1	fact	sight word may	may
literacy	grade1	fact	read may	may
literacy	grade1	fact	sight word of	of
literacy	grade1	fact	read of	of
literacy	grade1	fact	sight word old	old
literacy	grade1	fact	read old	old
literacy	grade1	fact	sight word once	once
literacy	grade1	fact	read once	once
literacy	grade1	fact	sight word open	open
literacy	grade1	fact	read open	open
literacy	grade1	fact	sight word over	over
literacy	grade1	fact	read over	over
literacy	grade1	fact	sight word put	put
literacy	grade1	fact	read put	put
literacy	grade1	fact	sight word round	round
literacy	grade1	fact	read round	round
literacy	grade1	fact	sight word some	some
literacy	grade1	fact	read some	some
literacy	grade1	fact	sight word stop	stop
literacy	grade1	fact	read stop	stop
literacy	grade1	fact	sight word take	take
literacy	grade1	fact	read take	take
literacy	grade1	fact	sight word thank	thank
literacy	grade1	fact	read thank	thank
literacy	grade1	fact	sight word them	them
literacy	grade1	fact	read them	them
literacy	grade1	fact	sight word then	then
literacy	grade1	fact	read then	then
literacy	grade1	fact	sight word think	think
literacy	grade1	fact	read think	think
literacy	grade1	fact	sight word walk	walk
literacy	grade1	fact	read walk	walk
literacy	grade1	fact	sight word were	were
literacy	grade1	fact	read were	were
literacy	grade1	fact	sight word when	when
literacy	grade1	fact	read when	when
literacy	grade1	fact	sentence starts	capital
literacy	grade1	fact	sentence ends	period
literacy	grade1	fact	question ends	mark
literacy	kindergarten	fact	we read	book
literacy	kindergarten	fact	write with	pencil
literacy	preschool	fact	we see words	eyes
science	preschool	fact	sky color	blue
science	preschool	fact	color of sky	blue
science	preschool	fact	grass color	green
science	preschool	fact	color of grass	green
science	preschool	fact	sun when	day
science	preschool	fact	when is sun out	day
science	preschool	fact	moon when	night
science	preschool	fact	when is moon out	night
science	preschool	fact	see with	eyes
science	preschool	fact	what sees	eyes
science	preschool	fact	hear with	ears
science	preschool	fact	what hears	ears
science	preschool	fact	smell with	nose
science	preschool	fact	what smells	nose
science	preschool	fact	touch with	hands
science	preschool	fact	what touches	hands
science	preschool	fact	dog is	animal
science	preschool	fact	is dog animal	animal
science	preschool	fact	cat is	animal
science	preschool	fact	is cat animal	animal
science	preschool	fact	bird can	fly
science	preschool	fact	what birds do	fly
science	preschool	fact	fish lives	water
science	preschool	fact	where fish live	water
science	preschool	fact	apple color	red
science	preschool	fact	color of apple	red
science	preschool	fact	we drink	water
science	preschool	fact	what do we drink	water
science	preschool	fact	round shape	circle
science	preschool	fact	what is round	circle
science	kindergarten	fact	plants need	sun
science	kindergarten	fact	what plants need	sun
science	kindergarten	fact	plants drink	water
science	kindergarten	fact	plants water	water
science	kindergarten	fact	people need	water
science	kindergarten	fact	what people need	water
science	kindergarten	fact	people eat need	food
science	kindergarten	fact	what people eat need	food
science	kindergarten	fact	people breathe	air
science	kindergarten	fact	what people breathe	air
science	kindergarten	fact	red light	stop
science	kindergarten	fact	red light do	stop
science	kindergarten	fact	green light	go
science	kindergarten	fact	green light do	go
science	kindergarten	fact	friends do	share
science	kindergarten	fact	what friends do	share
science	kindergarten	fact	winter is	cold
science	kindergarten	fact	is winter cold	cold
science	kindergarten	fact	summer is	hot
science	kindergarten	fact	is summer hot	hot
science	kindergarten	fact	rain makes	wet
science	kindergarten	fact	what rain does	wet
science	kindergarten	fact	square sides	four
science	kindergarten	fact	how many sides square	four
science	kindergarten	fact	triangle sides	three
science	kindergarten	fact	how many sides triangle	three
science	kindergarten	fact	we read	book
science	kindergarten	fact	what do we read	book
science	kindergarten	fact	write with	pencil
science	kindergarten	fact	what writes	pencil
science	kindergarten	fact	day means	sun
science	kindergarten	fact	day has	sun
science	grade1	fact	we live on	earth
science	grade1	fact	home planet	earth
science	grade1	fact	shows places	map
science	grade1	fact	find places tool	map
science	grade1	fact	living need	water
science	grade1	fact	living things need	water
science	grade1	fact	living need air	air
science	grade1	fact	living things air	air
science	grade1	fact	ice is	solid
science	grade1	fact	ice form	solid
science	grade1	fact	water form liquid	liquid
science	grade1	fact	liquid water	liquid
science	grade1	fact	steam is	gas
science	grade1	fact	steam form	gas
science	grade1	fact	plants grow when	day
science	grade1	fact	when plants grow	day
science	grade1	fact	magnet pulls	iron
science	grade1	fact	what magnet pulls	iron
science	grade1	fact	shadow needs	light
science	grade1	fact	what shadow needs	light
science	grade1	fact	seed grows	plant
science	grade1	fact	seed becomes	plant
science	grade1	fact	days in week	seven
science	grade1	fact	how many days week	seven
science	grade1	fact	months in year	twelve
science	grade1	fact	how many months year	twelve
science	preschool	rel	sun out_in	day
science	preschool	rel	moon out_in	night
science	preschool	rel	sky color_rel	blue
science	preschool	rel	sky color	blue
science	preschool	rel	grass color_rel	green
science	preschool	rel	grass color	green
science	preschool	rel	see uses	eyes
science	preschool	rel	hear uses	ears
science	preschool	rel	smell uses	nose
science	preschool	rel	dog is_a	animal
science	preschool	rel	cat is_a	animal
science	preschool	rel	bird can_rel	fly
science	preschool	rel	bird can	fly
science	preschool	rel	fish lives_in	water
science	preschool	rel	circle shape_rel	round
science	preschool	rel	circle shape	round
science	kindergarten	rel	plant needs	sun
science	kindergarten	rel	plant needs_water	water
science	kindergarten	rel	people needs	water
science	kindergarten	rel	people needs_food	food
science	kindergarten	rel	people needs_air	air
science	kindergarten	rel	red_light means	stop
science	kindergarten	rel	green_light means	go
science	kindergarten	rel	friend does	share
science	kindergarten	rel	winter is_rel	cold
science	kindergarten	rel	winter is	cold
science	kindergarten	rel	summer is_rel	hot
science	kindergarten	rel	summer is	hot
science	kindergarten	rel	read uses	book
science	kindergarten	rel	write uses	pencil
science	kindergarten	rel	square sides_rel	four
science	kindergarten	rel	square sides	four
science	kindergarten	rel	triangle sides_rel	three
science	kindergarten	rel	triangle sides	three
science	grade1	rel	earth is_a	planet
science	grade1	rel	map shows	place
science	grade1	rel	living needs	water
science	grade1	rel	ice is_rel	solid
science	grade1	rel	ice is	solid
science	grade1	rel	steam is_rel	gas
science	grade1	rel	steam is	gas
science	grade1	rel	plant grows_in	day
science	grade1	rel	magnet pulls_rel	iron
science	grade1	rel	magnet pulls	iron
science	grade1	rel	shadow needs_rel	light
science	grade1	rel	shadow needs	light
science	grade1	rel	seed becomes	plant
science	grade1	rel	week has_days	seven
science	grade1	rel	year has_months	twelve
science	grade1	rel	sentence starts_rel	capital
science	grade1	rel	sentence starts	capital
science	grade1	rel	sentence ends_rel	period
science	grade1	rel	sentence ends	period
science	preschool	path	sun when	day
science	preschool	path	see with	eyes
science	preschool	path	dog is	animal
science	kindergarten	path	plants need	sun
science	kindergarten	path	red light	stop
science	kindergarten	path	friends do	share
science	grade1	path	we live on	earth
science	grade1	path	shows places	map
science	grade1	path	living need	water
science	grade1	path	plants grow when	day
science	grade1	path	ice is	solid
science	grade1	path	days in week	seven
vision	kindergarten	fact	digit 0 name	zero
vision	kindergarten	fact	name of digit 0	zero
vision	kindergarten	fact	digit 1 name	one
vision	kindergarten	fact	name of digit 1	one
vision	kindergarten	fact	digit 2 name	two
vision	kindergarten	fact	name of digit 2	two
vision	kindergarten	fact	digit 3 name	three
vision	kindergarten	fact	name of digit 3	three
vision	kindergarten	fact	digit 4 name	four
vision	kindergarten	fact	name of digit 4	four
vision	kindergarten	fact	digit 5 name	five
vision	kindergarten	fact	name of digit 5	five
vision	grade1	fact	digit 6 name	six
vision	grade1	fact	name of digit 6	six
vision	grade1	fact	digit 7 name	seven
vision	grade1	fact	name of digit 7	seven
vision	grade1	fact	digit 8 name	eight
vision	grade1	fact	name of digit 8	eight
vision	grade1	fact	digit 9 name	nine
vision	grade1	fact	name of digit 9	nine
